id,first_name,last_name,email,gender,age,student,employed,checking_account,saving_account
1,Yuri,Woollam,ywoollam0@smh.com.au,Male,33,false,false,30495.56,4244392.36
2,Consalve,Audsley,caudsley1@skyrock.com,Male,39,true,false,729910.09,3277128.0
3,Seana,Hinze,shinze2@reverbnation.com,Female,39,true,true,524771.18,2028913.5
4,Ivette,Sisse,isisse3@multiply.com,Female,16,true,true,186207.74,417373.23
5,Travers,Elmhurst,telmhurst4@gnu.org,Male,41,true,false,316689.98,1435229.19
6,Roselle,Theodore,rtheodore5@elegantthemes.com,Female,52,true,false,767879.56,2931223.04
7,Delly,Benito,dbenito6@scientificamerican.com,Female,17,true,false,771528.52,505411.94
8,Stanley,Mogie,smogie7@cafepress.com,Male,93,false,false,720380.47,2723017.0
9,Tobit,Redferne,tredferne8@devhub.com,Male,20,false,true,809351.4,1129449.17
10,Appolonia,Deek,adeek9@flickr.com,Agender,89,false,true,631998.0,2494973.76
11,Renate,Guillford,rguillforda@mac.com,Female,27,false,false,168001.04,2033447.1
12,Nani,Elden,neldenb@google.ca,Female,15,false,true,659192.47,4877058.0
13,Carolyn,Vinnick,cvinnickc@furl.net,Genderfluid,50,false,true,170241.63,107356.77
14,Irene,Dinwoodie,idinwoodied@europa.eu,Female,28,false,false,774457.51,664625.25
15,Roland,Pykett,rpykette@bloglovin.com,Male,23,true,false,454725.0,186434.8
16,Antonie,Tweedie,atweedief@biglobe.ne.jp,Female,61,true,true,327170.58,4522711.0
17,Mal,Brimmell,mbrimmellg@scribd.com,Male,20,false,false,702074.39,3466546.52
18,Dre,Shorbrook,dshorbrookh@angelfire.com,Bigender,51,false,true,953081.3,940340.27
19,Ashby,Lillford,alillfordi@lycos.com,Male,38,true,true,673861.57,4475679.39
20,Dunc,Sealand,dsealandj@msn.com,Male,38,false,true,902100.24,1911342.4
21,Zolly,Nollet,znolletk@edublogs.org,Male,93,false,false,424914.99,1171071.47
22,Debi,Anderbrugge,danderbruggel@pen.io,Female,59,true,false,542112.31,171773.68
23,Ad,Bonwell,abonwellm@blog.com,Male,42,true,false,53657.19,4205138.35
24,Marcelia,Williamson,mwilliamsonn@ft.com,Female,58,false,true,163446.18,1842444.51
25,Jeno,Coggen,jcoggeno@cocolog-nifty.com,Male,100,false,true,419797.86,2200820.0
26,Mariellen,Kristufek,mkristufekp@addtoany.com,Genderqueer,40,false,false,479174.97,4441225.0
27,Erv,Jellico,ejellicoq@baidu.com,Male,16,true,false,533608.05,4537540.0
28,Melvin,Powelee,mpoweleer@wikia.com,Male,65,false,false,483274.51,1677226.35
29,Carlee,Rushbrook,crushbrooks@discuz.net,Female,79,false,false,9768.39,2120102.0
30,Noella,Asee,naseet@telegraph.co.uk,Female,100,false,true,465533.53,3308476.48
31,Trumaine,Kasman,tkasmanu@ebay.co.uk,Male,47,false,false,392960.73,3220417.27
32,Guinevere,Borborough,gborboroughv@miitbeian.gov.cn,Female,35,false,false,635749.43,3634939.1
33,Doralyn,L'Episcopi,dlepiscopiw@usa.gov,Female,36,true,false,755308.45,3772460.49
34,Carlo,Gierek,cgierekx@fema.gov,Male,55,true,false,718769.0,1773454.61
35,Ashien,Ackhurst,aackhursty@weather.com,Female,68,false,false,664723.97,3081408.38
36,Shirl,Cassely,scasselyz@geocities.jp,Female,73,true,false,250600.44,1980097.88
37,Boyce,Gladwish,bgladwish10@europa.eu,Male,17,false,false,505057.53,4202163.61
38,Elysha,Alyokhin,ealyokhin11@dagondesign.com,Female,60,true,true,507937.87,1737458.05
39,Minnaminnie,Gallardo,mgallardo12@phpbb.com,Female,40,true,true,190145.96,4072290.68
40,Terrie,Stopford,tstopford13@cafepress.com,Female,71,true,true,167053.77,323975.5
41,Barclay,Cettell,bcettell14@so-net.ne.jp,Male,81,false,true,26115.37,1872483.89
42,Lilllie,Marlon,lmarlon15@columbia.edu,Female,31,false,true,305740.68,119784.03
43,Lauralee,Emby,lemby16@nytimes.com,Female,66,false,true,753489.35,330299.05
44,Hunfredo,Johannesson,hjohannesson17@angelfire.com,Male,84,false,true,834546.03,4143101.2
45,Ezekiel,Filipczak,efilipczak18@smugmug.com,Male,32,false,false,631648.66,761003.46
46,Alvy,Muir,amuir19@netscape.com,Polygender,16,true,true,881006.56,4851775.33
47,Claudian,Scanlan,cscanlan1a@adobe.com,Male,20,false,false,182449.0,150680.1
48,Bastian,Delnevo,bdelnevo1b@trellian.com,Male,71,true,true,818732.32,3428338.94
49,Issie,Bennie,ibennie1c@wikispaces.com,Female,56,true,true,916373.87,1070433.13
50,Tymon,Sallows,tsallows1d@quantcast.com,Male,25,true,true,54439.21,2824488.61
51,Helen,Crenshaw,hcrenshaw1e@fastcompany.com,Female,16,true,true,890007.26,3471505.55
52,Pembroke,Hadwen,phadwen1f@ebay.com,Male,49,false,false,360935.69,2349106.63
53,Ella,Freake,efreake1g@forbes.com,Female,97,false,true,866383.94,3633021.51
54,Codi,Claussen,cclaussen1h@npr.org,Genderfluid,96,true,true,987867.8,3950414.24
55,Nana,Symers,nsymers1i@cdc.gov,Polygender,66,true,false,340480.47,271515.44
56,Florenza,Lecointe,flecointe1j@princeton.edu,Female,78,true,false,933988.66,2515347.95
57,Elset,Godier,egodier1k@typepad.com,Female,76,false,false,509802.5,1208171.04
58,Ula,Dougill,udougill1l@about.com,Female,18,false,false,4725.76,2506866.93
59,Bobbie,Stockney,bstockney1m@ask.com,Male,66,true,false,398055.33,2154011.76
60,Prinz,Soonhouse,psoonhouse1n@xinhuanet.com,Male,66,false,false,615933.96,1738785.51
61,Susanna,Ewing,sewing1o@i2i.jp,Female,97,false,true,547177.76,795232.93
62,Kathye,Gyse,kgyse1p@go.com,Female,42,true,false,153660.08,3527884.09
63,Dierdre,Grzeszczak,dgrzeszczak1q@mapy.cz,Non-binary,100,true,false,902126.47,1442398.29
64,Ludvig,Burbage,lburbage1r@mac.com,Male,75,false,false,854495.56,3089224.4
65,Cleo,Babar,cbabar1s@studiopress.com,Female,40,true,true,281517.14,4259319.51
66,Blaire,Godart,bgodart1t@hatena.ne.jp,Female,63,true,true,599883.87,2024177.89
67,Fonsie,Cheke,fcheke1u@netscape.com,Male,67,false,false,390612.62,4765824.26
68,Wesley,McGlaughn,wmcglaughn1v@github.io,Male,19,true,false,359307.97,998262.86
69,Minny,Cratchley,mcratchley1w@51.la,Genderfluid,61,false,false,876549.0,3024027.81
70,Lucien,Smidmore,lsmidmore1x@cnet.com,Male,74,false,false,224610.7,4775139.2
71,Sergeant,Plowell,splowell1y@etsy.com,Male,51,true,false,861454.59,4481747.0
72,Titus,Clemett,tclemett1z@npr.org,Male,85,false,true,834152.32,1412323.09
73,Fleming,Cosham,fcosham20@mlb.com,Male,33,false,false,533329.0,4511444.59
74,Pandora,Olesen,polesen21@technorati.com,Female,68,false,true,64360.05,1992646.02
75,Kaitlynn,Ellerby,kellerby22@bizjournals.com,Female,100,false,false,39842.62,647632.68
76,Constantino,Pendleberry,cpendleberry23@altervista.org,Male,67,false,true,714146.22,613932.66
77,Liza,Clutten,lclutten24@phpbb.com,Female,90,true,false,183521.23,1973096.63
78,Aggi,Triebner,atriebner25@yellowpages.com,Female,82,false,true,438075.4,3304608.54
79,Obadias,Bresner,obresner26@time.com,Male,33,true,true,646393.97,1549623.98
80,Clayton,Bartoli,cbartoli27@nydailynews.com,Male,95,false,false,894684.0,386765.13
81,Kalila,Rishbrook,krishbrook28@ovh.net,Female,70,false,true,462499.34,1351132.03
82,Sarette,Ping,sping29@stumbleupon.com,Female,23,false,true,862767.0,4372590.0
83,Jock,Genery,jgenery2a@biblegateway.com,Male,87,true,false,522191.02,474354.24
84,Drew,Ovill,dovill2b@spotify.com,Genderqueer,53,false,true,185832.0,4416216.03
85,Jed,Adame,jadame2c@com.com,Male,45,true,true,546455.04,405411.87
86,Shelia,Chritchley,schritchley2d@cmu.edu,Agender,22,false,false,878291.84,2432153.83
87,Robb,Dumphries,rdumphries2e@samsung.com,Male,79,false,true,92547.2,4607918.85
88,Randi,Drinkwater,rdrinkwater2f@usda.gov,Female,20,false,false,544761.75,1453899.0
89,Matty,Bridgett,mbridgett2g@shop-pro.jp,Male,80,true,true,170390.62,1736131.01
90,Rodd,Seagrave,rseagrave2h@qq.com,Male,31,true,false,159641.91,1787206.0
91,Stacee,Tinham,stinham2i@webeden.co.uk,Male,77,false,false,39164.02,4296121.1
92,Shurlocke,Haselwood,shaselwood2j@pagesperso-orange.fr,Male,26,true,false,134602.28,4234303.0
93,Elysee,Dukes,edukes2k@addtoany.com,Female,88,false,false,822271.59,2450062.41
94,Malina,Neissen,mneissen2l@taobao.com,Female,76,true,true,463867.4,4089216.56
95,Fionna,Kiely,fkiely2m@php.net,Female,81,true,true,666177.0,1509774.12
96,Ximenez,Bartell,xbartell2n@state.tx.us,Genderqueer,35,true,true,697118.87,1838312.99
97,Glad,Darycott,gdarycott2o@tumblr.com,Female,46,false,false,642357.26,2356946.0
98,Agna,Vanes,avanes2p@uiuc.edu,Female,51,false,true,645385.35,1825829.41
99,Ninon,Julien,njulien2q@weibo.com,Female,80,true,true,62916.41,3749805.87
100,Gardie,Anfosso,ganfosso2r@economist.com,Male,14,false,true,303741.0,1815177.0
101,Danie,Lathaye,dlathaye2s@ca.gov,Male,94,true,false,570127.23,1417390.49
102,Nelli,Moorrud,nmoorrud2t@wikia.com,Agender,29,true,true,6113.23,1831507.71
103,Brandon,Roke,broke2u@archive.org,Male,79,false,true,118422.43,4325077.43
104,Irene,Pattle,ipattle2v@imdb.com,Female,47,false,false,474610.38,447357.7
105,Doralin,Walenta,dwalenta2w@gnu.org,Female,20,true,false,550431.82,2513002.5
106,Felike,Beevers,fbeevers2x@chicagotribune.com,Male,49,true,true,530080.02,4051703.06
107,Deva,Stangoe,dstangoe2y@liveinternet.ru,Female,95,true,false,361795.98,908926.54
108,Regan,Gwatkins,rgwatkins2z@twitter.com,Female,87,false,true,521594.52,3597068.53
109,Lucila,Mayes,lmayes30@ted.com,Genderqueer,88,false,true,78877.76,1807860.82
110,Reiko,Conkey,rconkey31@networksolutions.com,Female,19,true,true,1565.59,4043866.4
111,Antoni,Smithson,asmithson32@wikia.com,Male,29,true,false,112396.71,1476226.11
112,Lenora,Colbridge,lcolbridge33@columbia.edu,Female,30,true,true,67721.45,3262137.75
113,Shirlene,Soaper,ssoaper34@slideshare.net,Female,78,false,false,496602.72,4748687.0
114,Monti,Stuchbery,mstuchbery35@businessinsider.com,Male,46,false,true,759431.83,1288882.0
115,Alvie,Alfonsetti,aalfonsetti36@i2i.jp,Male,59,true,false,996345.03,990985.91
116,Terrence,Cowlam,tcowlam37@oakley.com,Male,65,false,true,627604.06,284537.56
117,Timmie,Thaxton,tthaxton38@joomla.org,Male,75,false,true,329983.12,4286269.34
118,Sasha,Chmiel,schmiel39@sphinn.com,Female,61,false,false,382899.25,1573783.62
119,Cristal,Footitt,cfootitt3a@vinaora.com,Female,61,false,false,836605.02,3336862.33
120,Lennie,Allatt,lallatt3b@prlog.org,Male,47,false,false,773357.08,508221.99
121,Si,Maguire,smaguire3c@un.org,Male,47,false,false,419047.0,1332911.08
122,Pooh,Dobkin,pdobkin3d@artisteer.com,Male,27,false,true,670446.66,1478107.07
123,Gloria,Dyzart,gdyzart3e@craigslist.org,Female,29,false,true,478483.52,2352918.0
124,Ange,Harbage,aharbage3f@themeforest.net,Female,80,false,false,529802.92,1723112.64
125,Elka,Brennand,ebrennand3g@squarespace.com,Female,33,false,false,649913.94,1128124.26
126,Kiel,Motto,kmotto3h@mashable.com,Male,42,false,true,210082.83,1712276.59
127,Liva,Moukes,lmoukes3i@t-online.de,Female,33,true,true,938930.45,1385226.31
128,Quintus,Alves,qalves3j@desdev.cn,Male,71,false,true,452974.0,4017121.0
129,Hilario,Simnell,hsimnell3k@hostgator.com,Male,51,true,true,654086.86,3235444.74
130,Francene,Butler-Bowdon,fbutlerbowdon3l@hubpages.com,Female,19,false,true,668737.68,1976054.0
131,Cassaundra,Dobie,cdobie3m@barnesandnoble.com,Female,42,false,false,649759.42,1778403.82
132,Dominick,Ivens,divens3n@wikispaces.com,Male,45,false,false,786615.23,947462.4
133,Wallis,Ferber,wferber3o@mysql.com,Female,31,true,false,425250.07,1433740.98
134,Amery,Aneley,aaneley3p@diigo.com,Male,55,false,false,754448.0,352602.9
135,Cheslie,McMinn,cmcminn3q@mozilla.org,Female,75,true,false,927176.62,3057332.47
136,Gayla,William,gwilliam3r@devhub.com,Genderfluid,41,true,true,641479.86,1522765.23
137,Drusie,Grayshan,dgrayshan3s@ebay.co.uk,Female,28,true,false,436161.6,3940588.5
138,Shellysheldon,Curran,scurran3t@nasa.gov,Male,66,false,true,272769.61,1884220.2
139,Angelle,Freund,afreund3u@devhub.com,Female,79,false,false,521097.88,3082483.33
140,Christophorus,Beesey,cbeesey3v@narod.ru,Male,77,false,false,416783.78,1662237.1
141,Celestine,Vearnals,cvearnals3w@slashdot.org,Female,85,true,false,615776.31,3303609.0
142,Carola,Loudwell,cloudwell3x@themeforest.net,Female,27,true,false,969688.07,1185577.12
143,Kaylil,Roycroft,kroycroft3y@hao123.com,Female,17,false,false,547298.0,4854084.0
144,Lancelot,Oppie,loppie3z@buzzfeed.com,Male,43,true,false,256908.05,757455.66
145,Chancey,Tosdevin,ctosdevin40@nbcnews.com,Male,45,true,false,261052.93,2898839.0
146,Antonia,Drewe,adrewe41@networksolutions.com,Female,18,true,true,457490.33,2562058.49
147,Andee,Croysdale,acroysdale42@ebay.co.uk,Female,26,false,false,792331.27,4265012.0
148,Thaxter,Clem,tclem43@sciencedirect.com,Male,53,true,true,14579.54,4199828.58
149,Gratiana,Warry,gwarry44@adobe.com,Female,89,false,false,928568.98,3658518.38
150,Odelle,Grishanov,ogrishanov45@google.it,Female,57,false,false,379762.95,2556906.41
151,Lorene,Domenichini,ldomenichini46@about.com,Female,70,true,false,502556.02,4082071.0
152,Claude,Spera,cspera47@walmart.com,Female,75,false,true,869259.21,504144.05
153,Dalston,Pancoust,dpancoust48@foxnews.com,Male,67,true,false,172074.75,4211676.55
154,Malia,Rudyard,mrudyard49@github.com,Female,33,true,true,612955.17,3579221.19
155,Lidia,Pollicote,lpollicote4a@weebly.com,Female,62,false,false,960432.28,2227508.2
156,Prue,Jandera,pjandera4b@ucla.edu,Female,67,true,false,201068.1,3992158.17
157,Jacky,Call,jcall4c@amazon.co.uk,Male,73,false,false,61937.54,4250491.0
158,Clovis,Nugent,cnugent4d@cloudflare.com,Female,96,true,false,837816.79,2203427.46
159,Aristotle,Swiers,aswiers4e@umich.edu,Male,15,false,true,129348.08,2462261.0
160,Jolene,Whitelock,jwhitelock4f@a8.net,Female,97,true,true,790822.7,2526545.97
161,Jaclyn,Kleiner,jkleiner4g@rediff.com,Female,30,false,false,913974.76,4425112.83
162,Sayre,Desson,sdesson4h@apache.org,Female,52,true,false,646858.28,4897028.29
163,Riobard,Stainson,rstainson4i@statcounter.com,Male,43,false,false,589245.71,4252465.75
164,Tomas,Yoslowitz,tyoslowitz4j@shutterfly.com,Male,57,true,true,2953.72,1530542.16
165,Shawn,Luddy,sluddy4k@lycos.com,Female,44,false,false,621742.84,4162155.0
166,Saba,Pidgen,spidgen4l@woothemes.com,Female,93,true,true,373763.37,4210848.0
167,Blanca,Withull,bwithull4m@dell.com,Female,39,false,false,944221.54,4053222.62
168,Rriocard,Simkin,rsimkin4n@independent.co.uk,Male,28,true,true,628705.28,3672507.76
169,Megan,Kohring,mkohring4o@scribd.com,Female,54,true,true,244249.41,4500009.59
170,Inness,Scurry,iscurry4p@webnode.com,Male,44,true,false,410838.93,713808.4
171,Jobina,Jenkyn,jjenkyn4q@illinois.edu,Female,67,false,false,638094.9,1213790.78
172,Deeanne,Dinsell,ddinsell4r@archive.org,Female,99,false,false,298193.69,750107.43
173,Jethro,August,jaugust4s@purevolume.com,Male,90,true,false,262065.57,4942674.94
174,Jaquelyn,Terlinden,jterlinden4t@privacy.gov.au,Bigender,73,true,false,536502.71,3305037.43
175,Cleo,Ferrier,cferrier4u@huffingtonpost.com,Female,96,false,false,77779.27,593232.96
176,Stafford,Brockman,sbrockman4v@hao123.com,Genderqueer,25,false,true,423086.64,651198.28
177,Christine,Million,cmillion4w@liveinternet.ru,Female,54,false,false,551551.74,2753747.0
178,Nissie,Alentyev,nalentyev4x@etsy.com,Female,32,true,true,361590.35,3393652.73
179,Martainn,Kenealy,mkenealy4y@wiley.com,Male,76,true,true,674523.0,1643212.85
180,Russell,Giraudel,rgiraudel4z@xrea.com,Male,29,false,false,199171.03,2918839.69
181,Berton,Levey,blevey50@quantcast.com,Male,57,false,false,322574.14,1007325.06
182,Meredith,Camilletti,mcamilletti51@va.gov,Male,30,false,false,173134.55,2735536.0
183,Linell,Hartzog,lhartzog52@cdc.gov,Female,55,false,true,904365.19,621085.53
184,Milissent,Emmet,memmet53@yandex.ru,Female,90,true,false,223906.7,1804057.55
185,Dmitri,Schumacher,dschumacher54@themeforest.net,Male,55,false,false,426752.38,654069.97
186,Shurwood,Cassar,scassar55@pcworld.com,Male,57,true,true,217280.01,3042578.51
187,Simmonds,Axworthy,saxworthy56@princeton.edu,Male,88,true,false,120418.93,1644815.0
188,Towny,Adamek,tadamek57@shutterfly.com,Male,27,false,false,50566.53,437006.85
189,Donny,Kinglake,dkinglake58@paypal.com,Male,82,true,true,724886.11,3540509.32
190,Jacenta,Adds,jadds59@shareasale.com,Female,72,false,true,404327.23,1312292.0
191,Forrester,Towl,ftowl5a@usda.gov,Agender,50,true,false,141258.1,4109302.98
192,Vivi,Melley,vmelley5b@drupal.org,Female,44,true,false,611410.0,2229065.23
193,Luella,McCluskey,lmccluskey5c@smh.com.au,Female,86,true,false,768466.94,285834.53
194,Nial,Laverick,nlaverick5d@flavors.me,Male,51,true,false,379484.29,2868705.0
195,Dwight,Amar,damar5e@simplemachines.org,Bigender,16,false,false,148800.56,4739860.0
196,Cristin,McGucken,cmcgucken5f@statcounter.com,Female,61,true,false,40604.86,1910081.14
197,Emmalee,Goodale,egoodale5g@utexas.edu,Female,100,true,false,352702.95,4566519.0
198,Butch,Belliss,bbelliss5h@dell.com,Male,84,true,false,601127.0,920580.69
199,Cecelia,Timblett,ctimblett5i@netvibes.com,Female,36,true,false,469802.19,587298.0
200,Sherlocke,Brickhill,sbrickhill5j@howstuffworks.com,Male,30,false,false,926461.46,4644816.47
201,Lesya,Pailin,lpailin5k@yahoo.co.jp,Female,43,false,false,72781.03,4682386.0
202,Kelcie,Barfitt,kbarfitt5l@phpbb.com,Female,98,false,false,423733.72,4844162.13
203,Trip,Kitchingman,tkitchingman5m@amazon.de,Male,22,true,false,984766.29,4149530.0
204,Angel,Morcomb,amorcomb5n@taobao.com,Male,56,true,true,497671.69,3262908.19
205,Lazar,Kleinerman,lkleinerman5o@ftc.gov,Male,32,false,false,694990.78,933321.1
206,Korey,Minmagh,kminmagh5p@umn.edu,Male,58,false,true,519911.31,4993956.25
207,Janie,Painswick,jpainswick5q@ox.ac.uk,Female,93,true,false,37486.59,1348383.6
208,Juliet,Langmead,jlangmead5r@cnet.com,Female,38,true,true,54208.68,2459292.95
209,Clywd,Sterndale,csterndale5s@webmd.com,Male,67,false,true,698655.06,3200780.94
210,Bartel,McReynold,bmcreynold5t@gizmodo.com,Male,32,true,true,348401.08,3830773.0
211,Margo,Cleaver,mcleaver5u@github.io,Female,63,false,false,11038.25,4701256.0
212,Teresina,Ainger,tainger5v@theglobeandmail.com,Bigender,30,true,true,23970.1,4051383.0
213,Dierdre,Ivushkin,divushkin5w@tinyurl.com,Female,68,false,false,773955.55,2799441.87
214,Sean,Ells,sells5x@uiuc.edu,Male,49,true,true,75719.01,3359015.3
215,Casie,Heinlein,cheinlein5y@wisc.edu,Female,24,true,true,629250.79,2125124.0
216,Greggory,Ladd,gladd5z@columbia.edu,Male,16,true,true,154326.01,2756242.3
217,Karmen,Ayers,kayers60@chron.com,Female,88,false,true,716623.19,231692.67
218,Hurlee,Fellgate,hfellgate61@archive.org,Male,48,false,false,85910.88,2802389.1
219,Wainwright,Kingh,wkingh62@ihg.com,Non-binary,36,true,true,312649.49,4231903.0
220,Chrissy,Rounsefull,crounsefull63@ucoz.com,Male,80,true,false,316270.84,1569517.01
221,Alaine,De Michetti,ademichetti64@unc.edu,Female,14,true,false,292257.87,2020081.76
222,Leonid,Pllu,lpllu65@bluehost.com,Male,25,false,true,384472.74,1743382.18
223,Norma,Hoyer,nhoyer66@rambler.ru,Female,13,false,false,969585.0,2566057.07
224,Lambert,Izzett,lizzett67@chicagotribune.com,Male,63,true,true,916487.36,698824.89
225,Bunny,Toyne,btoyne68@ask.com,Female,83,true,true,255753.26,1814801.61
226,Fallon,Galpin,fgalpin69@hp.com,Female,68,true,true,603176.61,750651.78
227,Yehudit,Badham,ybadham6a@spotify.com,Male,64,false,false,301241.94,1132894.87
228,Rodrigo,Organ,rorgan6b@bizjournals.com,Male,73,true,true,660162.94,1687873.1
229,Abelard,Skydall,askydall6c@mysql.com,Male,25,true,true,222605.5,4802506.2
230,Cobby,Alywen,calywen6d@diigo.com,Male,46,false,false,178873.21,3355378.0
231,Audre,Raulin,araulin6e@china.com.cn,Female,59,true,true,894664.73,2293237.0
232,Gerda,Pachta,gpachta6f@bloglines.com,Female,71,false,false,342326.26,2804971.42
233,Aurthur,Braley,abraley6g@bbc.co.uk,Male,36,true,true,240713.29,4212799.0
234,Peirce,Sallis,psallis6h@yellowpages.com,Male,89,false,false,342459.85,4106849.67
235,Ardenia,Station,astation6i@blogspot.com,Female,81,true,true,293565.52,3986866.0
236,Lexine,Hallock,lhallock6j@japanpost.jp,Female,18,false,true,74949.34,3970703.38
237,Svend,Dearle-Palser,sdearlepalser6k@blogspot.com,Male,39,false,false,59575.03,2984312.42
238,Hermione,Harriott,hharriott6l@illinois.edu,Agender,40,true,false,952328.43,1447628.0
239,Dev,Nassau,dnassau6m@pcworld.com,Male,79,true,false,361993.27,3511765.0
240,Darby,Caistor,dcaistor6n@ftc.gov,Male,82,false,true,675450.67,3606157.5
241,Kathlin,Trapp,ktrapp6o@shutterfly.com,Female,83,true,true,688054.66,3074829.0
242,Archambault,Tindle,atindle6p@rediff.com,Male,34,true,false,336917.04,1123276.85
243,Quill,Falkous,qfalkous6q@youku.com,Male,95,true,false,493935.24,221316.33
244,Rubin,Cosbey,rcosbey6r@tmall.com,Male,61,false,true,219151.65,2681821.8
245,Clayton,Hand,chand6s@omniture.com,Male,78,true,false,313351.93,3099004.73
246,Kelby,Bargh,kbargh6t@myspace.com,Male,17,true,false,210835.38,1243401.0
247,Allyn,Besnardeau,abesnardeau6u@paginegialle.it,Polygender,69,false,false,51529.49,1773752.73
248,Zolly,Bucky,zbucky6v@studiopress.com,Male,52,true,false,603523.91,1790306.33
249,Caressa,Bacon,cbacon6w@epa.gov,Female,26,true,false,956048.36,1157863.03
250,Annelise,Munnis,amunnis6x@parallels.com,Female,75,false,true,517715.31,1063398.0
251,Lodovico,Cottesford,lcottesford6y@gnu.org,Male,18,false,true,616239.99,2355132.93
252,Lesli,Durbann,ldurbann6z@twitter.com,Female,43,false,false,300685.23,31367.15
253,Kelby,Schusterl,kschusterl70@irs.gov,Male,38,true,true,901322.0,3675999.61
254,Silvan,Girdler,sgirdler71@xinhuanet.com,Male,100,false,true,539629.27,2698941.41
255,Wilden,Sharpous,wsharpous72@unicef.org,Male,97,true,true,315278.56,1210114.3
256,Elena,Gary,egary73@indiatimes.com,Agender,52,true,false,165793.31,1329759.54
257,Marabel,Halle,mhalle74@dailymotion.com,Female,92,false,false,585641.69,4395400.0
258,Mord,Seneschal,mseneschal75@ibm.com,Male,78,false,false,303453.27,1474108.35
259,Lark,Giblin,lgiblin76@cyberchimps.com,Female,71,true,true,976819.67,3115122.0
260,Salaidh,Rowbottom,srowbottom77@deliciousdays.com,Female,18,true,true,471726.63,2083852.93
261,Celle,Wight,cwight78@buzzfeed.com,Polygender,46,false,false,853947.33,4138203.28
262,Barn,Plaide,bplaide79@youku.com,Male,87,true,true,705995.36,3305129.53
263,Mirna,Hanselmann,mhanselmann7a@csmonitor.com,Female,29,false,true,782187.87,2799357.57
264,Rafa,Tillett,rtillett7b@toplist.cz,Female,51,false,false,296792.54,4230587.0
265,Tann,Shetliff,tshetliff7c@github.io,Male,40,false,false,47123.01,4171143.0
266,Carney,Scotland,cscotland7d@ustream.tv,Male,81,true,false,407412.14,3786414.0
267,Sissie,Navarro,snavarro7e@nyu.edu,Female,15,false,true,233105.48,719642.66
268,Padgett,Bussetti,pbussetti7f@msn.com,Male,52,true,true,348340.99,1837308.0
269,Euell,Matantsev,ematantsev7g@bigcartel.com,Male,65,true,true,422859.1,401500.04
270,Kelby,Parkes,kparkes7h@google.fr,Male,75,false,true,219465.35,2928626.0
271,Tedd,Mannock,tmannock7i@howstuffworks.com,Male,97,true,false,954590.16,586140.78
272,Jordanna,Dominici,jdominici7j@hud.gov,Female,78,false,true,690182.36,3146435.0
273,Nat,Boyford,nboyford7k@answers.com,Bigender,75,false,true,798670.05,150427.7
274,Garek,Witch,gwitch7l@arstechnica.com,Male,87,false,false,457767.4,910246.99
275,Jermayne,Toma,jtoma7m@vkontakte.ru,Male,91,false,false,116820.46,4403332.12
276,Riva,Raggett,rraggett7n@skype.com,Female,77,false,true,486434.95,125567.73
277,Hope,Kermath,hkermath7o@rediff.com,Female,30,true,true,549668.37,542718.92
278,Tasha,Dagnan,tdagnan7p@fotki.com,Female,71,false,false,651153.42,1937430.99
279,Mureil,Norcliffe,mnorcliffe7q@domainmarket.com,Female,42,false,false,439702.86,2792128.78
280,Mathilde,Smuth,msmuth7r@php.net,Female,31,true,true,845520.24,1180341.83
281,Richart,Sawle,rsawle7s@hud.gov,Male,39,true,true,694706.66,1563993.0
282,Joete,Bruster,jbruster7t@histats.com,Agender,18,false,true,854459.84,389085.04
283,Romy,Walsh,rwalsh7u@sphinn.com,Female,47,false,false,89470.64,4378980.0
284,Abbot,Canland,acanland7v@people.com.cn,Male,96,false,true,572632.4,77237.38
285,Jamal,Addess,jaddess7w@wiley.com,Non-binary,36,true,true,835853.12,2500935.0
286,Lindsay,Bellison,lbellison7x@github.io,Male,27,true,true,432254.14,4111429.24
287,Linell,Grahlman,lgrahlman7y@cnet.com,Female,67,true,true,83323.66,1256529.86
288,Claire,Skaid,cskaid7z@ca.gov,Male,64,false,true,713921.34,3460650.98
289,Carlynne,Curnucke,ccurnucke80@dailymail.co.uk,Female,100,true,true,788139.35,2882444.0
290,Hunfredo,Peace,hpeace81@lycos.com,Genderqueer,90,false,true,150959.0,4470985.0
291,Elena,Slowley,eslowley82@cnet.com,Female,20,false,false,139773.12,1468085.39
292,Starlene,Litterick,slitterick83@google.fr,Female,55,false,false,106687.02,1550413.92
293,Brinn,Handrek,bhandrek84@vk.com,Female,34,true,false,182443.58,657691.5
294,Maiga,Martine,mmartine85@elpais.com,Female,31,true,true,410608.65,4306911.02
295,Laurella,Ehlerding,lehlerding86@timesonline.co.uk,Female,89,true,false,735036.34,4627999.48
296,Bruis,Gouldie,bgouldie87@wikimedia.org,Male,86,true,false,544613.1,4177927.0
297,Ashby,Camerana,acamerana88@rediff.com,Male,39,false,true,558996.81,1018059.07
298,Felizio,Fibbit,ffibbit89@unc.edu,Male,51,true,true,163165.0,3741273.0
299,Gerty,Bardey,gbardey8a@hc360.com,Female,52,true,false,329811.21,288502.6
300,Hinda,Ashcroft,hashcroft8b@cocolog-nifty.com,Female,86,false,false,382142.47,4684773.0
301,Noble,Grishaev,ngrishaev8c@cnet.com,Male,71,true,true,704081.28,3234984.34
302,Barris,Rossey,brossey8d@harvard.edu,Male,19,true,true,143444.78,4029606.15
303,Yehudi,Bezley,ybezley8e@imdb.com,Male,23,false,false,690671.38,4678823.9
304,Rory,McQuarter,rmcquarter8f@weather.com,Non-binary,85,false,false,14306.99,2922333.26
305,Horatio,Strickett,hstrickett8g@google.cn,Non-binary,53,false,true,150787.13,3531875.32
306,Lind,Mussolini,lmussolini8h@1688.com,Female,70,false,false,292206.55,2508923.46
307,Charmain,Jonson,cjonson8i@yahoo.com,Female,41,false,true,344001.94,1077535.64
308,Esra,Tarpey,etarpey8j@youku.com,Male,48,true,false,843641.49,4768529.86
309,Sena,Winterton,swinterton8k@abc.net.au,Female,70,false,false,669670.91,2299895.17
310,Petronille,Matveichev,pmatveichev8l@pcworld.com,Female,39,true,false,807247.89,2463704.23
311,Alexis,Dyerson,adyerson8m@livejournal.com,Female,24,false,false,359734.18,3089255.0
312,Linnet,Arent,larent8n@archive.org,Female,22,false,true,880714.26,4718726.0
313,Devonna,Joseff,djoseff8o@indiegogo.com,Female,29,false,false,740708.97,3587614.43
314,Ernest,Scad,escad8p@yellowbook.com,Male,86,true,false,933334.98,3044170.09
315,Amy,Bidmead,abidmead8q@ted.com,Female,67,true,false,602813.14,589924.61
316,Shirlee,Attenburrow,sattenburrow8r@networkadvertising.org,Female,81,true,true,228828.78,1479034.47
317,Janie,Spataro,jspataro8s@ft.com,Female,47,false,true,746946.94,2150364.68
318,Deny,Kilcoyne,dkilcoyne8t@arizona.edu,Female,55,true,false,218987.98,3958800.0
319,Kevon,Foffano,kfoffano8u@sitemeter.com,Male,100,true,false,333668.06,1027480.97
320,Whitby,Picford,wpicford8v@google.pl,Bigender,87,false,true,948710.57,3356416.13
321,Karlan,Hachette,khachette8w@webnode.com,Male,29,true,true,282083.49,4453856.0
322,Trixi,Iannuzzi,tiannuzzi8x@issuu.com,Female,28,false,false,237813.36,4064748.0
323,Pennie,Enga,penga8y@yale.edu,Male,14,true,true,829293.93,588601.48
324,Dorie,Malafe,dmalafe8z@amazon.de,Female,21,false,true,487923.33,1943837.3
325,Essy,Bert,ebert90@sbwire.com,Female,93,true,false,98148.8,4708554.93
326,Estele,Weare,eweare91@hubpages.com,Female,23,true,true,752492.8,3498801.16
327,Errick,Julien,ejulien92@ebay.com,Male,94,true,true,126623.62,3488170.48
328,Demott,Mandrake,dmandrake93@discuz.net,Non-binary,71,false,false,854247.07,354610.51
329,Kaja,Longstreet,klongstreet94@360.cn,Female,98,true,true,21436.33,3345922.97
330,Neil,Christal,nchristal95@examiner.com,Male,100,false,false,846823.69,147199.79
331,Emmeline,Posner,eposner96@economist.com,Female,88,true,true,294896.89,1587208.77
332,Huberto,Stribling,hstribling97@vimeo.com,Male,65,true,false,450710.41,4038852.05
333,Artus,Kordas,akordas98@vkontakte.ru,Male,79,true,false,183994.2,3181954.91
334,Durant,Howell,dhowell99@fc2.com,Male,78,false,false,471676.09,4393349.9
335,Griswold,Torbeck,gtorbeck9a@newsvine.com,Male,67,true,false,810084.69,390244.93
336,Marwin,Ohrtmann,mohrtmann9b@51.la,Male,90,true,false,5642.05,2367008.8
337,Hall,Critzen,hcritzen9c@networkadvertising.org,Male,24,false,true,655796.22,4643405.02
338,Sollie,Mawhinney,smawhinney9d@bbc.co.uk,Polygender,37,true,false,386476.03,1331658.21
339,Ignatius,Gisborne,igisborne9e@usatoday.com,Male,38,true,false,503300.13,1237401.57
340,Helen,Beazleigh,hbeazleigh9f@marketwatch.com,Female,61,false,false,457830.36,1316943.2
341,Cathe,Rising,crising9g@imageshack.us,Female,65,true,true,933556.95,4324257.0
342,Humfrid,Studd,hstudd9h@sohu.com,Bigender,43,false,false,86958.78,3753713.0
343,Lauri,Sponder,lsponder9i@redcross.org,Female,66,false,false,201635.81,2982030.96
344,Rutherford,Rau,rrau9j@g.co,Male,84,true,false,822447.02,4286150.86
345,Carina,Wheeliker,cwheeliker9k@narod.ru,Female,47,true,true,894625.05,817405.0
346,Roscoe,Busek,rbusek9l@accuweather.com,Male,54,false,false,991536.52,75442.41
347,Launce,Jaycocks,ljaycocks9m@hibu.com,Male,70,true,true,442277.51,3936222.43
348,Jeffry,Amerighi,jamerighi9n@miibeian.gov.cn,Male,28,true,false,159429.37,630457.74
349,Clywd,Ayerst,cayerst9o@wordpress.com,Genderqueer,19,false,true,987229.36,2089799.92
350,Billi,Grief,bgrief9p@reuters.com,Female,51,true,true,57158.74,1942479.2
351,Maddie,Nitti,mnitti9q@netscape.com,Male,70,false,false,519715.01,1533439.41
352,Poppy,Snoden,psnoden9r@slashdot.org,Female,37,true,false,446077.28,2125401.01
353,Isa,Kinchley,ikinchley9s@rambler.ru,Female,26,false,true,101048.25,3137555.06
354,Kim,de Zamora,kdezamora9t@arstechnica.com,Female,20,true,true,60576.85,3910886.42
355,Gabbi,Plaistowe,gplaistowe9u@intel.com,Female,30,false,true,519659.61,4784236.0
356,Erminia,Asher,easher9v@census.gov,Female,44,false,true,806810.84,2035539.17
357,Diana,McGenis,dmcgenis9w@economist.com,Female,43,true,false,860941.0,37559.18
358,Rodd,Dennick,rdennick9x@com.com,Male,74,true,false,619337.73,4469610.09
359,Zacharia,Crudgington,zcrudgington9y@sina.com.cn,Male,91,false,true,201091.1,4973783.0
360,Cherianne,Bohler,cbohler9z@mit.edu,Female,16,false,true,578671.99,3777110.01
361,Sherwin,Doggart,sdoggarta0@fotki.com,Male,52,false,true,691527.72,1663280.58
362,Fern,Mandres,fmandresa1@toplist.cz,Female,43,false,false,303083.95,2543542.0
363,Olivero,Gierok,ogieroka2@fotki.com,Non-binary,38,true,false,212314.38,945120.62
364,Diahann,Keningham,dkeninghama3@senate.gov,Female,60,true,false,693395.85,4642772.0
365,Rebeca,Vercruysse,rvercruyssea4@cam.ac.uk,Female,60,true,true,409075.24,536194.84
366,Alexa,Baudts,abaudtsa5@moonfruit.com,Female,96,true,false,124220.24,4193152.52
367,Milo,Sleightholme,msleightholmea6@oracle.com,Male,43,false,true,541100.62,3263718.16
368,Chancey,Absolem,cabsolema7@pinterest.com,Male,60,false,false,39083.01,4136099.54
369,Redford,Whyte,rwhytea8@nifty.com,Male,42,false,false,50916.05,4232253.14
370,Curtice,Becks,cbecksa9@reddit.com,Male,72,true,false,680499.42,4622724.0
371,Fleming,Perrinchief,fperrinchiefaa@google.com.au,Male,89,true,false,413545.6,2468941.0
372,Hastings,Moppett,hmoppettab@amazon.com,Male,87,false,true,599537.86,826631.87
373,Wittie,Fulger,wfulgerac@mlb.com,Male,75,false,false,513830.03,928278.72
374,Barbi,Bagwell,bbagwellad@columbia.edu,Female,36,false,false,724427.42,4484779.33
375,Brion,Raselles,brasellesae@narod.ru,Male,87,false,true,92997.84,3375189.11
376,Christel,Wakley,cwakleyaf@omniture.com,Female,85,true,false,938957.12,496496.96
377,Wynne,Lashmar,wlashmarag@joomla.org,Female,50,false,false,215202.21,3060295.63
378,Catherine,Lidyard,clidyardah@time.com,Female,74,true,false,278412.65,4421421.0
379,Eliza,MacPike,emacpikeai@linkedin.com,Female,25,true,false,978029.97,2751699.34
380,Gertrudis,Romeril,gromerilaj@theguardian.com,Bigender,28,false,true,582284.55,614887.18
381,Merle,Vanin,mvaninak@nyu.edu,Male,52,true,false,569565.0,4212982.83
382,Dewain,Hagwood,dhagwoodal@list-manage.com,Male,73,false,true,831047.63,813227.16
383,Crissy,Tregien,ctregienam@census.gov,Female,99,false,true,371176.18,3970890.47
384,Murry,Wanell,mwanellan@ning.com,Male,94,false,false,798624.09,2147870.45
385,Drucill,Gowdridge,dgowdridgeao@senate.gov,Female,83,false,true,397195.89,667803.41
386,Freddie,Budgeon,fbudgeonap@ameblo.jp,Female,21,false,false,131921.46,2656899.41
387,Rodina,Trematick,rtrematickaq@bravesites.com,Female,21,true,true,871168.12,2203548.53
388,Gavan,Arstall,garstallar@wordpress.com,Male,55,true,false,221486.21,2104679.51
389,Nancy,Dudney,ndudneyas@theglobeandmail.com,Female,69,false,true,609861.0,3022098.06
390,Yasmeen,Eagleston,yeaglestonat@bbb.org,Female,51,false,true,817436.04,3610850.0
391,Tessi,Cheesley,tcheesleyau@tuttocitta.it,Female,80,false,true,815252.98,3738044.46
392,Dulcinea,Beade,dbeadeav@europa.eu,Female,41,false,false,76517.27,304768.97
393,Cordy,Chastel,cchastelaw@abc.net.au,Male,33,true,false,243014.07,2560469.03
394,Aristotle,Tansill,atansillax@phoca.cz,Male,80,false,false,956703.55,2026327.36
395,Becka,Cavnor,bcavnoray@nih.gov,Female,96,true,true,384164.17,4019027.31
396,Marv,Petticrow,mpetticrowaz@constantcontact.com,Male,35,false,true,3675.11,3519676.6
397,Oran,Peasgood,opeasgoodb0@census.gov,Male,14,false,true,988164.74,437446.86
398,Lana,Danielou,ldanieloub1@privacy.gov.au,Female,68,true,true,238949.75,2735760.0
399,Almire,Crommett,acrommettb2@people.com.cn,Female,39,false,true,600089.12,1451638.64
400,Vergil,Jonin,vjoninb3@youtu.be,Male,23,true,true,195933.03,1587627.41
401,Martina,Brooksbank,mbrooksbankb4@ameblo.jp,Female,65,true,false,493800.82,1858919.0
402,Bald,Waddams,bwaddamsb5@npr.org,Male,32,false,false,617164.41,1723777.37
403,Wolfie,Anelay,wanelayb6@china.com.cn,Male,100,false,false,336106.94,2583476.0
404,Byram,Entreis,bentreisb7@1688.com,Male,14,true,false,392223.13,4224692.0
405,Conrado,Simkovich,csimkovichb8@ucoz.com,Male,82,false,false,961053.94,1734685.95
406,Helene,Darracott,hdarracottb9@photobucket.com,Bigender,35,false,false,770805.58,1707469.17
407,Tanitansy,Elcoux,telcouxba@ustream.tv,Female,39,false,true,411880.29,2971467.62
408,Gusty,Oldred,goldredbb@blog.com,Female,43,true,false,783677.75,4747601.35
409,Silvie,Ovill,sovillbc@booking.com,Female,76,false,false,315796.73,2591102.97
410,Mahala,Crenshaw,mcrenshawbd@ow.ly,Female,70,false,false,806724.0,4508678.62
411,Brenden,Rittmeyer,brittmeyerbe@timesonline.co.uk,Male,50,false,true,579730.99,3481068.68
412,Deirdre,Mottley,dmottleybf@blogtalkradio.com,Female,78,false,false,691048.47,3956708.89
413,Gabi,Corton,gcortonbg@trellian.com,Female,58,false,true,787764.35,3519291.0
414,Eileen,Bread,ebreadbh@bigcartel.com,Female,52,false,true,413162.68,4578529.0
415,Abie,Dunstall,adunstallbi@instagram.com,Male,65,false,true,985809.67,4944124.26
416,Celestia,Hynard,chynardbj@illinois.edu,Bigender,27,true,false,240557.2,2130667.0
417,Deonne,Wreiford,dwreifordbk@rediff.com,Female,16,false,false,214990.72,557583.45
418,Rubetta,Cunningham,rcunninghambl@chron.com,Female,35,true,true,547204.47,4314196.0
419,Helenelizabeth,Melmoth,hmelmothbm@loc.gov,Female,99,false,false,387485.97,2827884.94
420,Dagmar,Scally,dscallybn@vistaprint.com,Female,13,true,true,865131.64,299351.68
421,Heindrick,Jelliman,hjellimanbo@admin.ch,Male,22,true,false,903058.55,1794887.6
422,Theodosia,Abramof,tabramofbp@ebay.com,Female,59,false,false,235988.1,635238.75
423,Alisha,Bruinsma,abruinsmabq@github.com,Female,25,true,false,509502.94,264012.34
424,Trixi,Dray,tdraybr@fotki.com,Female,39,true,false,139838.77,379502.13
425,Prue,Lebreton,plebretonbs@cnet.com,Female,16,false,true,938362.79,2149154.11
426,Roxana,Menel,rmenelbt@sphinn.com,Female,19,true,true,616562.23,4496035.83
427,Evangelina,Whitcombe,ewhitcombebu@ifeng.com,Non-binary,57,true,false,830743.19,1470949.72
428,Fredric,Chalkly,fchalklybv@1und1.de,Male,40,true,true,173188.08,2074485.83
429,Veronika,Arman,varmanbw@github.com,Female,47,true,false,342111.78,1258802.68
430,Timmie,Bootton,tboottonbx@sogou.com,Female,58,true,true,125778.18,2840696.16
431,Lannie,De Robertis,lderobertisby@addthis.com,Male,95,false,false,189393.0,4106382.8
432,Sydney,Vasilmanov,svasilmanovbz@irs.gov,Female,62,false,false,771162.0,2830532.16
433,Edgardo,Cadden,ecaddenc0@flavors.me,Male,61,true,false,856046.0,3914616.45
434,Tann,Cretney,tcretneyc1@comsenz.com,Male,43,true,true,650761.87,3283080.73
435,Sanford,Dashper,sdashperc2@hexun.com,Male,51,true,false,885474.41,4509252.0
436,Reeba,Koppel,rkoppelc3@flickr.com,Polygender,17,false,true,737579.48,1270180.65
437,Forrest,Collingridge,fcollingridgec4@biglobe.ne.jp,Male,58,true,true,136153.17,2096544.87
438,Abdul,Nason,anasonc5@amazon.com,Male,57,false,false,548868.35,4297433.59
439,Maximilian,Grummitt,mgrummittc6@fotki.com,Male,95,true,true,158048.22,4438542.0
440,Dulci,Phlippsen,dphlippsenc7@google.pl,Female,80,false,false,354333.48,2369559.75
441,Nomi,Diloway,ndilowayc8@dell.com,Female,57,false,false,530775.23,3789424.52
442,Netti,Ferrino,nferrinoc9@mapy.cz,Female,64,true,true,211666.09,4272361.0
443,Therine,Dorr,tdorrca@imageshack.us,Female,77,false,true,447308.24,3874392.0
444,Renaldo,Cookley,rcookleycb@apache.org,Male,25,false,false,80353.09,1918157.97
445,Cass,Bouttell,cbouttellcc@hatena.ne.jp,Male,67,true,false,931887.87,3757617.54
446,Hal,Brach,hbrachcd@stanford.edu,Male,74,false,true,283877.43,1292244.09
447,Floyd,Treske,ftreskece@ibm.com,Male,70,false,true,790660.0,1084842.95
448,Erinna,Denyukhin,edenyukhincf@qq.com,Female,56,true,true,343603.65,4860995.0
449,Monro,Bowshire,mbowshirecg@skype.com,Male,100,true,false,81827.68,2347724.3
450,Cristie,Quarrell,cquarrellch@globo.com,Female,45,true,true,117309.07,88633.76
451,Ddene,McLaverty,dmclavertyci@hc360.com,Genderqueer,71,true,true,905697.12,512571.0
452,Ernie,Fricker,efrickercj@omniture.com,Male,28,true,true,549964.92,503531.28
453,Sorcha,McGarel,smcgarelck@hugedomains.com,Female,46,true,true,407913.55,2600594.0
454,Latrena,Hainning,lhainningcl@smh.com.au,Female,25,false,false,224507.48,3630618.0
455,Lemar,Farny,lfarnycm@adobe.com,Male,83,true,false,62055.52,4756277.43
456,Den,Ditchfield,dditchfieldcn@lycos.com,Male,28,true,false,221742.12,3398431.16
457,Vale,Jezzard,vjezzardco@domainmarket.com,Male,64,true,false,568410.41,916116.38
458,Candy,Kopfen,ckopfencp@surveymonkey.com,Female,75,true,false,286778.12,864868.01
459,Wiley,Treker,wtrekercq@spotify.com,Male,87,false,true,163453.75,378952.33
460,Davide,Grube,dgrubecr@google.cn,Male,46,true,false,910895.62,2658428.69
461,Laure,Lademann,llademanncs@biglobe.ne.jp,Female,58,true,false,355049.62,2272695.0
462,Curry,Petch,cpetchct@skyrock.com,Male,38,true,false,908521.51,2920403.32
463,Huntley,Mauditt,hmaudittcu@comcast.net,Male,96,true,false,76035.97,1564047.52
464,Ed,Hinrichsen,ehinrichsencv@newsvine.com,Male,74,false,false,206236.97,1083789.91
465,Killy,Shovelbottom,kshovelbottomcw@t.co,Male,39,false,false,546717.4,3775121.04
466,Madelena,Huggin,mhuggincx@mozilla.com,Female,21,false,true,485897.46,1031236.42
467,Mylo,Yedall,myedallcy@cornell.edu,Male,84,false,false,776098.48,3874149.44
468,Garvin,Smithend,gsmithendcz@yolasite.com,Male,17,false,false,235991.49,274510.05
469,Niles,Lethbridge,nlethbridged0@wordpress.com,Male,42,false,false,790897.35,3966756.2
470,Beauregard,Ebanks,bebanksd1@reverbnation.com,Male,23,false,false,216294.89,3465730.87
471,Gannon,Attwoul,gattwould2@imgur.com,Male,24,true,false,315917.97,116686.53
472,Ulrika,Bronger,ubrongerd3@networksolutions.com,Bigender,90,false,true,4044.4,415604.97
473,Reece,Brearley,rbrearleyd4@sogou.com,Male,61,true,true,283499.56,1109022.82
474,Meyer,Simeone,msimeoned5@instagram.com,Male,41,true,true,718315.98,3570488.82
475,Lemuel,Jobey,ljobeyd6@cbsnews.com,Male,18,false,false,649199.12,1591241.42
476,Humfrey,Cahn,hcahnd7@marketwatch.com,Genderfluid,93,true,true,36621.13,4778408.58
477,Chalmers,Lanaway,clanawayd8@utexas.edu,Male,45,true,true,66366.33,155297.84
478,Harv,Chesworth,hchesworthd9@example.com,Male,68,false,true,581391.1,762686.46
479,Blake,Busswell,bbusswellda@ftc.gov,Male,14,true,true,933184.74,3290725.07
480,Suzy,Noell,snoelldb@pen.io,Genderqueer,19,false,true,904223.44,2730205.51
481,Lorianne,Cannell,lcannelldc@g.co,Female,61,false,true,52012.78,3987485.0
482,Dave,Le Batteur,dlebatteurdd@theatlantic.com,Male,74,true,true,27446.86,486081.9
483,Jillane,Fuke,jfukede@illinois.edu,Female,76,false,false,825202.66,2430257.0
484,Brooke,Carnihan,bcarnihandf@skyrock.com,Male,99,false,false,302645.73,3323641.0
485,Lilla,Blacktin,lblacktindg@theatlantic.com,Female,99,true,false,346733.3,3282031.05
486,Sigismund,Worthy,sworthydh@nih.gov,Male,53,true,false,98799.17,4539233.21
487,Roobbie,O'Fairy,rofairydi@nbcnews.com,Female,53,true,false,163016.73,620558.39
488,Loralee,Nelles,lnellesdj@zdnet.com,Genderfluid,73,false,false,162885.04,4935326.35
489,Berenice,Deery,bdeerydk@vinaora.com,Female,84,true,false,855318.38,1613216.51
490,Donnell,Heckner,dhecknerdl@last.fm,Male,74,true,false,302787.4,3171108.75
491,Jermayne,Aberdein,jaberdeindm@360.cn,Male,19,true,true,296618.11,2343326.16
492,Mignon,Braysher,mbraysherdn@boston.com,Genderqueer,38,false,true,216116.94,3155679.0
493,Rena,Alfwy,ralfwydo@addtoany.com,Female,69,true,true,312971.26,4890017.0
494,Homer,Zettoi,hzettoidp@ebay.co.uk,Male,90,false,true,261355.26,4840976.17
495,Gearalt,Guarnier,gguarnierdq@nydailynews.com,Male,47,true,false,463648.22,4711644.0
496,Maritsa,Lantaff,mlantaffdr@histats.com,Female,99,true,true,957147.0,2915004.49
497,Sandy,Laguerre,slaguerreds@google.nl,Male,97,false,true,550211.48,164620.17
498,Erl,MacKenney,emackenneydt@sciencedirect.com,Male,85,true,false,348150.63,991257.85
499,Karia,Baly,kbalydu@timesonline.co.uk,Female,52,true,true,619309.93,662585.25
500,Thorndike,Coggen,tcoggendv@globo.com,Male,55,false,true,235529.61,2219657.64
501,Krystyna,Maplesden,kmaplesdendw@odnoklassniki.ru,Genderfluid,73,true,true,884331.0,2540332.42
502,Fredek,Searles,fsearlesdx@earthlink.net,Male,80,false,false,373761.75,276991.65
503,Brier,Bonfield,bbonfielddy@netscape.com,Female,93,true,false,776888.58,2448642.48
504,Caddric,Hammelberg,chammelbergdz@youku.com,Genderqueer,60,true,false,347220.6,4404900.0
505,Adolf,Sprigings,asprigingse0@goo.gl,Male,63,false,false,445957.82,2977753.88
506,Rona,Shiels,rshielse1@sakura.ne.jp,Female,100,true,false,418613.77,3478552.03
507,Lenard,McColley,lmccolleye2@ovh.net,Male,82,true,false,395494.83,2287610.77
508,Emalia,Barnardo,ebarnardoe3@geocities.jp,Female,36,true,false,828021.23,2361807.0
509,Jill,Dand,jdande4@msn.com,Female,64,false,false,942171.73,3113378.07
510,Killian,Vel,kvele5@sogou.com,Male,24,true,true,605631.27,1495206.46
511,Alberik,Buckie,abuckiee6@jiathis.com,Non-binary,80,false,false,962572.07,4499235.92
512,Emelita,Gulley,egulleye7@bbb.org,Female,20,false,false,856953.26,645807.86
513,Cob,Martlew,cmartlewe8@indiatimes.com,Male,84,true,true,971595.42,292590.17
514,Thaine,Aspey,taspeye9@123-reg.co.uk,Male,88,true,true,58628.77,3115319.72
515,Aeriel,Sterte,asterteea@hc360.com,Female,48,true,false,797311.68,4897201.17
516,Mitch,Ayer,mayereb@creativecommons.org,Male,71,false,false,847675.68,2791211.0
517,Svend,Balmann,sbalmannec@themeforest.net,Male,28,true,false,866044.04,3205932.0
518,Evy,Bathurst,ebathursted@scribd.com,Female,62,false,false,95692.23,3081790.78
519,Bryana,Bahia,bbahiaee@usnews.com,Female,83,true,false,844408.3,3795920.25
520,Gasper,Sage,gsageef@miitbeian.gov.cn,Male,90,false,false,934612.01,2519241.47
521,Trip,Mullane,tmullaneeg@jimdo.com,Male,87,false,true,11195.13,1485441.96
522,Freedman,Osbaldstone,fosbaldstoneeh@wisc.edu,Male,43,false,false,201476.33,2673289.49
523,Jacky,Serrurier,jserrurierei@goo.ne.jp,Male,87,true,true,936097.22,4879345.0
524,Lon,Goggin,lgogginej@rediff.com,Male,75,true,true,797537.39,4257058.0
525,Franciska,Dowzell,fdowzellek@mayoclinic.com,Female,37,false,false,227618.34,634474.65
526,Adamo,Patience,apatienceel@jugem.jp,Male,36,false,false,331651.51,2316612.0
527,Cass,Brimfield,cbrimfieldem@nba.com,Male,65,true,true,862785.31,1483374.26
528,Anderea,O'Gready,aogreadyen@salon.com,Female,32,false,true,163604.49,2467039.3
529,Windham,Deaconson,wdeaconsoneo@theglobeandmail.com,Male,77,false,true,484397.77,4999272.0
530,Murvyn,Battman,mbattmanep@stanford.edu,Male,83,false,false,418197.55,3805573.7
531,Jard,Bulfoy,jbulfoyeq@51.la,Male,72,true,false,831488.59,2288061.39
532,Budd,Widdowson,bwiddowsoner@springer.com,Male,40,true,false,309739.95,569379.33
533,Randie,Rhead,rrheades@msu.edu,Female,77,true,true,951600.69,2047695.98
534,Neale,Aristide,naristideet@ucla.edu,Male,93,false,true,411898.97,3866693.89
535,Cosette,Haslam,chaslameu@techcrunch.com,Female,36,false,true,358947.94,330659.89
536,Brita,Brabbs,bbrabbsev@angelfire.com,Female,52,true,false,804448.4,4425673.01
537,Flor,Galilee,fgalileeew@examiner.com,Female,58,true,false,532306.01,653534.11
538,Wes,Meale,wmealeex@cdc.gov,Genderfluid,13,true,false,480936.87,3943711.28
539,Jori,Donohue,jdonohueey@jiathis.com,Female,95,true,false,959446.77,1408157.15
540,Carolus,Everly,ceverlyez@fema.gov,Male,28,true,true,273102.11,4861643.0
541,Arch,Newstead,anewsteadf0@va.gov,Male,27,false,true,892751.57,941680.1
542,Early,Mynott,emynottf1@canalblog.com,Male,57,true,true,147208.18,2321261.26
543,Ursulina,Mansion,umansionf2@nyu.edu,Female,50,true,false,298261.61,2286445.0
544,Ivette,Bedminster,ibedminsterf3@flickr.com,Female,74,true,true,794529.34,1573815.99
545,Ely,Lillico,elillicof4@businessinsider.com,Male,14,false,false,611676.71,1186455.32
546,Stepha,Tomczykowski,stomczykowskif5@bizjournals.com,Female,59,false,true,317577.27,4677785.53
547,Shem,Arlt,sarltf6@skype.com,Male,76,true,true,894444.29,3996295.0
548,Shena,Dreye,sdreyef7@fc2.com,Female,31,true,true,485424.28,99158.8
549,Burgess,Willavize,bwillavizef8@jugem.jp,Male,85,true,true,340498.16,3951294.86
550,Ortensia,Elwill,oelwillf9@pagesperso-orange.fr,Female,40,true,true,685690.01,1095014.38
551,Dyanne,Damp,ddampfa@indiegogo.com,Female,82,true,false,949176.16,3280331.63
552,King,Bennike,kbennikefb@paypal.com,Male,64,false,true,771382.99,713913.13
553,Yelena,Thouless,ythoulessfc@photobucket.com,Female,79,true,true,825291.94,4574924.0
554,Mame,Jurasek,mjurasekfd@home.pl,Female,66,false,false,503169.22,1784202.7
555,Doralynn,Guirardin,dguirardinfe@washingtonpost.com,Female,68,true,true,994064.77,2564058.6
556,Rodger,Soldi,rsoldiff@hatena.ne.jp,Male,86,true,false,909789.06,4951603.0
557,Thain,Teodoro,tteodorofg@pcworld.com,Male,46,false,true,881089.23,1015892.47
558,Tammie,Rains,trainsfh@yellowbook.com,Polygender,16,true,true,106931.02,2001193.48
559,Raynell,Longrigg,rlongriggfi@1und1.de,Female,84,true,false,12679.43,892321.36
560,Gilberta,Clohessy,gclohessyfj@bravesites.com,Female,39,false,true,178064.25,1467061.42
561,Virgilio,Sadd,vsaddfk@ted.com,Male,76,false,false,893187.25,3655571.7
562,Gabbi,Hearle,ghearlefl@artisteer.com,Female,77,true,true,902156.96,3211373.11
563,Star,Ert,sertfm@php.net,Female,61,true,true,103729.88,330303.46
564,Casar,Yerbury,cyerburyfn@freewebs.com,Bigender,27,false,true,480753.68,4638003.0
565,Clemence,Hullbrook,chullbrookfo@stumbleupon.com,Female,33,true,false,336614.59,2038278.81
566,Guthrie,Zanutti,gzanuttifp@theatlantic.com,Male,67,false,false,733154.89,310335.52
567,Ginevra,Scirman,gscirmanfq@sitemeter.com,Female,37,true,false,669761.28,2399214.46
568,Gabriella,Kernoghan,gkernoghanfr@dropbox.com,Female,33,false,false,720531.0,2295826.02
569,Aluino,Tabor,ataborfs@dagondesign.com,Male,96,true,false,311220.26,2247834.0
570,Leena,McElrea,lmcelreaft@w3.org,Female,42,true,false,421659.54,3278760.0
571,Shaughn,Daid,sdaidfu@studiopress.com,Male,37,true,true,351725.44,3829775.21
572,Colet,Geraud,cgeraudfv@unesco.org,Male,37,true,true,337758.78,1355575.54
573,Amelina,Antwis,aantwisfw@oaic.gov.au,Female,71,true,false,207223.53,2969299.0
574,Edgard,Eydel,eeydelfx@ftc.gov,Male,27,false,true,186046.78,14252.31
575,Rosene,Assender,rassenderfy@time.com,Female,97,false,false,373105.7,4589923.21
576,Karilynn,Egleton,kegletonfz@ca.gov,Female,62,false,false,620625.12,259196.57
577,Darn,Filippazzo,dfilippazzog0@gizmodo.com,Male,65,true,true,68284.7,4941899.0
578,Barbara-anne,Albro,balbrog1@amazon.com,Female,48,false,false,636036.87,2718999.82
579,Hamlen,Shapland,hshaplandg2@blogger.com,Male,71,false,false,244076.26,3879034.84
580,Rubie,Wareham,rwarehamg3@ocn.ne.jp,Female,90,true,false,330681.37,1638196.98
581,Stanton,Trusler,struslerg4@yandex.ru,Male,46,false,true,526594.89,67419.43
582,Gian,Redwin,gredwing5@icio.us,Male,34,false,true,430106.22,253484.38
583,Earle,Pigrome,epigromeg6@archive.org,Non-binary,95,false,true,354544.86,4072662.66
584,Beatrisa,Crowson,bcrowsong7@live.com,Female,33,false,true,381218.22,2043774.98
585,Chicky,Matteau,cmatteaug8@mashable.com,Male,76,true,true,257738.56,1214311.7
586,Terese,Pakeman,tpakemang9@ftc.gov,Female,95,false,false,333145.71,4264283.99
587,Penny,Phillins,pphillinsga@ovh.net,Female,25,false,false,635568.96,4887861.28
588,Daniella,Cunningham,dcunninghamgb@webeden.co.uk,Female,45,true,false,551266.44,87712.37
589,Tucky,Daunay,tdaunaygc@myspace.com,Male,28,true,false,16720.06,461707.47
590,Son,Oxton,soxtongd@domainmarket.com,Male,19,true,true,378886.16,4150111.26
591,Rozina,Iggulden,rigguldenge@yolasite.com,Female,77,true,true,829071.05,4473142.0
592,Turner,Defau,tdefaugf@google.it,Male,20,false,true,80850.74,3042926.69
593,Marga,Poundsford,mpoundsfordgg@goo.ne.jp,Female,98,true,false,336046.0,802964.51
594,Helli,Tappor,htapporgh@oaic.gov.au,Female,57,false,false,645182.75,4744481.14
595,Hunfredo,Dufer,hdufergi@ustream.tv,Male,45,true,true,251439.26,1326576.96
596,Frank,Clemanceau,fclemanceaugj@arstechnica.com,Male,88,true,true,472138.71,1878125.03
597,Lauritz,Mordanti,lmordantigk@opera.com,Male,79,true,false,191027.57,4970991.75
598,Merrill,Bumpas,mbumpasgl@domainmarket.com,Genderqueer,89,true,true,33865.2,3217065.58
599,Ely,Linnane,elinnanegm@wikipedia.org,Male,53,false,true,908922.78,4590382.01
600,Tom,Copello,tcopellogn@squidoo.com,Male,14,true,false,86936.14,777619.85
601,Tamra,Rope,tropego@surveymonkey.com,Female,17,true,true,141321.61,151603.24
602,Nonna,Wrightim,nwrightimgp@ft.com,Female,68,true,false,304655.86,206025.02
603,Lisha,Satyford,lsatyfordgq@pbs.org,Female,74,false,false,597589.44,2663022.43
604,Celle,Biasioni,cbiasionigr@census.gov,Female,93,false,true,584880.88,238158.03
605,Olivie,MacVicar,omacvicargs@dedecms.com,Female,71,false,true,897443.8,735345.5
606,Saul,O'Leahy,soleahygt@bing.com,Male,14,true,false,995474.57,4618513.0
607,Newton,Wallege,nwallegegu@ucoz.ru,Male,100,false,false,269033.28,1507761.88
608,Tildi,Laingmaid,tlaingmaidgv@amazon.com,Female,93,false,false,880760.8,3288391.82
609,Berry,Hugueville,bhuguevillegw@technorati.com,Female,71,true,true,766279.58,2463282.0
610,Konstanze,Borghese,kborghesegx@e-recht24.de,Female,27,false,false,310019.62,3946284.72
611,Wait,Itshak,witshakgy@scribd.com,Male,83,true,false,797006.04,2734695.42
612,Lian,Grute,lgrutegz@yolasite.com,Female,46,true,true,460124.1,1009176.34
613,Leon,Wingfield,lwingfieldh0@angelfire.com,Male,39,false,true,653574.28,2225892.03
614,Ruthe,Oldershaw,roldershawh1@over-blog.com,Female,31,false,true,399540.53,2452791.0
615,Asa,Kielty,akieltyh2@aboutads.info,Male,17,false,true,5194.98,3084122.34
616,Caspar,Tainton,ctaintonh3@zdnet.com,Male,41,false,true,189573.12,553940.89
617,Bernardo,Earngy,bearngyh4@house.gov,Male,66,false,true,79.04,1583682.09
618,Rachele,Hacquoil,rhacquoilh5@bing.com,Female,44,true,false,417797.9,2605343.64
619,Marve,Haddon,mhaddonh6@unblog.fr,Male,33,true,true,424628.96,2690162.32
620,Angelita,Lethieulier,alethieulierh7@tinyurl.com,Female,79,false,true,583995.0,344880.76
621,Melissa,Drakers,mdrakersh8@umich.edu,Female,65,true,true,560448.0,1534494.32
622,Issiah,Geddes,igeddesh9@hud.gov,Male,65,false,false,522601.88,4621368.0
623,Toddie,Laxtonne,tlaxtonneha@merriam-webster.com,Polygender,92,true,true,383940.03,1924049.29
624,Ker,Schuchmacher,kschuchmacherhb@columbia.edu,Male,91,false,true,799908.6,3459424.0
625,Federica,Glanton,fglantonhc@telegraph.co.uk,Female,43,false,true,95684.33,3183207.0
626,Alameda,Putson,aputsonhd@microsoft.com,Female,64,false,true,288484.88,4743151.95
627,Carmencita,Masterson,cmastersonhe@scientificamerican.com,Female,26,true,true,582964.57,2395054.75
628,Marlowe,Pringle,mpringlehf@webeden.co.uk,Male,32,false,false,3955.96,4783476.0
629,Elysia,Hamby,ehambyhg@jigsy.com,Female,71,true,true,548563.21,4511640.0
630,Kelbee,Blues,kblueshh@nih.gov,Male,51,false,true,632853.87,3512355.2
631,Lorrie,Craythorne,lcraythornehi@va.gov,Male,53,false,false,440319.12,681640.2
632,Aloysia,Ungerer,aungererhj@ask.com,Female,33,false,false,800093.74,1504332.27
633,Kaila,Muffitt,kmuffitthk@wikimedia.org,Female,94,false,false,608030.95,1388341.34
634,Darb,Pinniger,dpinnigerhl@desdev.cn,Male,62,true,true,38931.41,1482308.79
635,Astra,Seed,aseedhm@skype.com,Female,60,false,false,114079.96,4751762.0
636,Charyl,West-Frimley,cwestfrimleyhn@ucoz.com,Genderqueer,44,false,true,98876.91,930886.58
637,Renae,Maggiori,rmaggioriho@odnoklassniki.ru,Female,100,true,true,432449.11,3965457.31
638,Jean,Brumwell,jbrumwellhp@mail.ru,Female,53,false,true,676566.62,4801867.86
639,Ingrim,Brookton,ibrooktonhq@cdbaby.com,Male,80,true,true,690236.29,2091434.74
640,Lars,Featherbie,lfeatherbiehr@oracle.com,Male,25,true,true,341068.94,3641319.3
641,Joanie,Arcase,jarcasehs@furl.net,Female,66,true,false,733841.73,4065534.35
642,Jamill,Fullard,jfullardht@yale.edu,Male,100,false,false,906421.88,3405663.01
643,Conan,Firks,cfirkshu@dailymotion.com,Male,72,true,true,953761.88,245594.34
644,Halsey,Vispo,hvispohv@abc.net.au,Genderqueer,55,false,true,553980.81,3343875.0
645,Umberto,Worsnap,uworsnaphw@twitpic.com,Polygender,33,true,true,29625.11,1843144.57
646,Roddie,Perschke,rperschkehx@sina.com.cn,Male,64,false,true,829882.72,4159804.53
647,Terri-jo,Pioli,tpiolihy@nifty.com,Female,90,false,false,368418.44,2868242.85
648,Ellen,Mahon,emahonhz@creativecommons.org,Female,82,false,false,947125.31,2348988.27
649,Marissa,Bougourd,mbougourdi0@china.com.cn,Female,66,true,true,602061.72,3529961.6
650,Wang,Piggin,wpiggini1@plala.or.jp,Male,75,true,true,719096.18,3055754.56
651,Lothario,Seccombe,lseccombei2@pcworld.com,Male,99,false,true,145375.56,4577085.82
652,Mellisent,Tedorenko,mtedorenkoi3@amazonaws.com,Female,32,false,false,406.24,3990186.31
653,Esther,Plaxton,eplaxtoni4@biblegateway.com,Female,54,false,false,327219.34,1608525.92
654,Velvet,Meckiff,vmeckiffi5@nba.com,Female,83,true,true,73847.57,4056452.58
655,Guillermo,Carles,gcarlesi6@sina.com.cn,Male,30,true,true,618245.8,4055529.72
656,Arly,Lilloe,alilloei7@google.com.au,Female,70,true,true,703720.0,4815921.0
657,Had,Hacquard,hhacquardi8@topsy.com,Male,33,false,false,3867.56,1176000.0
658,Jody,Carlile,jcarlilei9@sun.com,Female,98,true,false,403628.55,102404.07
659,Basil,Mattiessen,bmattiessenia@ezinearticles.com,Male,20,true,true,215157.7,4855618.0
660,Miriam,Rummins,mrumminsib@1und1.de,Female,94,true,true,986637.6,293856.31
661,Nikita,McIlvenny,nmcilvennyic@imgur.com,Male,61,false,true,885793.63,1687008.88
662,Kriste,Schimon,kschimonid@newyorker.com,Female,71,false,false,465405.83,3026729.89
663,Prince,Issacov,pissacovie@wsj.com,Male,74,false,true,798591.53,1787134.1
664,Karilynn,Westney,kwestneyif@devhub.com,Female,70,true,false,867894.82,1256130.26
665,Dari,Chilcotte,dchilcotteig@4shared.com,Female,50,false,false,737620.29,4184293.0
666,Ranique,Wraggs,rwraggsih@scribd.com,Female,53,false,false,782554.27,306377.75
667,Cameron,Calver,ccalverii@epa.gov,Male,93,true,true,356944.89,3528183.49
668,Alayne,Joseland,ajoselandij@fastcompany.com,Female,65,false,true,50888.83,3446755.5
669,Cosimo,Veldstra,cveldstraik@gov.uk,Male,69,true,true,688312.88,673538.88
670,Sherm,Cutten,scuttenil@uol.com.br,Male,99,false,true,424582.98,1312150.81
671,Lanni,Rouby,lroubyim@alibaba.com,Female,93,true,false,976056.62,171781.77
672,Antonino,Thompstone,athompstonein@vkontakte.ru,Male,14,true,false,772834.75,3690825.0
673,Van,Olivelli,volivelliio@si.edu,Male,77,false,true,786150.71,3226256.18
674,Imogene,Schwartz,ischwartzip@merriam-webster.com,Female,62,true,true,847776.36,4293076.41
675,Edik,Sivil,esiviliq@ustream.tv,Male,27,false,false,297131.9,4025424.0
676,Ralph,McReedy,rmcreedyir@ebay.com,Male,99,false,true,545150.0,2327672.65
677,Silvain,Barsby,sbarsbyis@unesco.org,Male,58,true,true,488082.9,1059867.85
678,Galvan,Buey,gbueyit@stumbleupon.com,Male,41,true,false,611610.52,2628333.09
679,Heindrick,Collip,hcollipiu@redcross.org,Male,65,false,false,131963.39,4193468.85
680,Lelia,Crayton,lcraytoniv@nature.com,Female,97,true,true,406799.55,2867075.21
681,Alika,Bartens,abartensiw@slideshare.net,Female,37,false,false,247009.1,1866501.11
682,Devy,Scroggie,dscroggieix@livejournal.com,Male,80,true,true,584112.64,625461.05
683,Darby,Paradis,dparadisiy@berkeley.edu,Female,69,false,false,476376.19,2022581.79
684,Bartholomew,Loody,bloodyiz@umn.edu,Bigender,82,false,false,280460.52,3688125.0
685,Lodovico,Graveston,lgravestonj0@boston.com,Male,16,false,false,173117.19,1635550.0
686,Clemente,Nore,cnorej1@so-net.ne.jp,Agender,65,false,true,551863.14,542634.04
687,Kaycee,Cuff,kcuffj2@redcross.org,Female,36,true,false,919750.66,955311.49
688,Darb,Mullis,dmullisj3@thetimes.co.uk,Male,45,true,true,737158.6,122119.9
689,Juanita,Augie,jaugiej4@friendfeed.com,Female,45,true,true,633578.82,4443212.22
690,Bank,Gilburt,bgilburtj5@people.com.cn,Non-binary,65,true,true,110433.53,4412966.0
691,Tate,O'Gaven,togavenj6@scientificamerican.com,Female,58,true,false,6230.71,4135296.48
692,Jeff,Noni,jnonij7@php.net,Male,27,true,false,566640.11,4980899.0
693,Darcey,Offener,doffenerj8@vistaprint.com,Female,68,true,true,6761.14,1402816.67
694,Swen,Gives,sgivesj9@blinklist.com,Male,82,true,true,314954.61,22736.49
695,Chilton,Neylan,cneylanja@typepad.com,Male,32,true,false,763390.85,1348681.66
696,Tanny,Bessell,tbesselljb@nymag.com,Male,50,false,true,175668.16,3537128.22
697,Joe,Strase,jstrasejc@xing.com,Male,64,true,false,146736.69,820954.27
698,Bordy,Riddiough,briddioughjd@macromedia.com,Male,14,false,false,72151.4,4955270.0
699,Maude,Crees,mcreesje@nature.com,Female,23,false,true,386924.81,3664655.78
700,Lilah,Fawcus,lfawcusjf@vimeo.com,Female,30,false,true,408134.68,1629648.85
701,Guglielmo,Huff,ghuffjg@statcounter.com,Male,43,true,true,603572.35,570474.86
702,Joaquin,Faye,jfayejh@discovery.com,Male,91,false,true,628285.79,1849585.0
703,Garrik,McGaugie,gmcgaugieji@oaic.gov.au,Male,99,true,false,279113.69,1287016.27
704,Nichols,Liepins,nliepinsjj@nytimes.com,Male,70,true,false,349708.94,2428853.71
705,Charlotta,Murray,cmurrayjk@surveymonkey.com,Female,25,true,false,870097.67,1058408.0
706,Lark,Van Der Vlies,lvandervliesjl@myspace.com,Female,18,true,true,463537.15,3935726.52
707,Waly,Cranke,wcrankejm@livejournal.com,Female,70,true,true,685396.14,437467.09
708,Ag,Georgiev,ageorgievjn@mozilla.com,Female,53,true,true,883521.52,438264.46
709,Clair,Jozwicki,cjozwickijo@4shared.com,Female,18,true,false,607035.61,4827779.0
710,Gery,Yannoni,gyannonijp@admin.ch,Male,22,true,true,447487.89,2369435.53
711,Tresa,Jumont,tjumontjq@jalbum.net,Female,19,true,false,503958.62,1374358.13
712,Ivan,Dielhenn,idielhennjr@vinaora.com,Male,31,true,true,349057.43,3075437.0
713,Elisha,Shemming,eshemmingjs@friendfeed.com,Male,14,false,true,413569.43,2926423.47
714,Ana,Setford,asetfordjt@artisteer.com,Polygender,82,true,true,558945.84,3701357.0
715,Theodor,Blackaller,tblackallerju@howstuffworks.com,Male,56,true,false,372707.89,1749882.1
716,Sunny,Sayes,ssayesjv@reference.com,Male,26,false,false,506709.0,4394191.95
717,Hewett,Tebbett,htebbettjw@fastcompany.com,Male,26,false,true,496341.37,4867677.02
718,Gipsy,Reicherz,greicherzjx@scientificamerican.com,Female,98,false,false,688050.65,488070.53
719,Charissa,Gass,cgassjy@themeforest.net,Female,32,false,true,749127.49,103911.68
720,Linnet,Harcase,lharcasejz@ask.com,Bigender,47,true,false,286027.29,4130381.0
721,Sterne,Simcock,ssimcockk0@java.com,Male,63,false,true,666255.58,997779.11
722,Keenan,Doerling,kdoerlingk1@meetup.com,Male,19,true,false,967347.33,4238983.0
723,Goldia,Leyzell,gleyzellk2@jugem.jp,Female,87,false,false,761488.86,333345.0
724,Vickie,Wix,vwixk3@fc2.com,Female,81,false,true,32133.15,4820876.0
725,Yoshiko,Geindre,ygeindrek4@clickbank.net,Female,59,false,false,271398.95,1567888.17
726,Johnny,Giacobo,jgiacobok5@amazon.co.jp,Genderqueer,57,true,true,656353.59,1602190.0
727,Isaac,Deely,ideelyk6@tmall.com,Male,94,false,true,609506.39,4646469.89
728,Jose,Pobjoy,jpobjoyk7@shutterfly.com,Male,93,true,true,891671.12,4656172.52
729,Ferdinanda,Cushe,fcushek8@epa.gov,Female,60,true,false,546332.0,4719129.0
730,Leonid,Idenden,lidendenk9@nationalgeographic.com,Male,34,true,false,618038.65,1904972.21
731,Anatole,Bulfoot,abulfootka@cbslocal.com,Male,31,true,false,347474.58,4738997.09
732,Vanda,Swaite,vswaitekb@adobe.com,Female,93,false,false,319202.2,3510696.45
733,Ives,Flood,ifloodkc@elpais.com,Male,91,true,false,976610.46,1025051.2
734,Forester,Kear,fkearkd@domainmarket.com,Male,93,false,false,461166.83,1858515.0
735,Alanah,Pescott,apescottke@cnbc.com,Female,23,true,false,425041.0,2468968.65
736,Tilly,Shinn,tshinnkf@ftc.gov,Female,46,false,false,341419.01,2220747.0
737,Rosella,Wiltshaw,rwiltshawkg@earthlink.net,Female,97,false,false,967355.87,3904412.87
738,Tully,Tocqueville,ttocquevillekh@usatoday.com,Male,93,false,false,590075.62,1047437.48
739,Giraud,Beaglehole,gbeagleholeki@yandex.ru,Male,35,true,false,388640.42,4798515.25
740,Kerk,Berriman,kberrimankj@ask.com,Male,31,false,false,65874.25,201786.06
741,Gaspar,Dmych,gdmychkk@indiegogo.com,Male,29,false,false,97710.02,1438777.23
742,Dieter,Clemmens,dclemmenskl@shareasale.com,Male,65,true,false,504560.34,3621778.68
743,Arne,Vanyutin,avanyutinkm@census.gov,Male,53,true,true,17343.03,3938491.0
744,Tania,O' Liddy,toliddykn@cbc.ca,Female,48,false,true,446175.89,3411769.0
745,Gertruda,Hurles,ghurlesko@imgur.com,Female,86,true,false,846044.97,3993294.37
746,Georas,Wimpress,gwimpresskp@arstechnica.com,Male,76,true,false,239508.48,1496646.27
747,Horatius,Basso,hbassokq@macromedia.com,Male,80,true,false,103312.83,2276404.44
748,Cesare,Reeves,creeveskr@amazon.de,Male,93,true,false,406602.48,4036593.0
749,Moe,Crocombe,mcrocombeks@cyberchimps.com,Male,69,false,false,762537.3,4546216.55
750,Frederico,Van der Merwe,fvandermerwekt@stanford.edu,Male,84,false,true,734982.38,3010316.95
751,Nancy,MacGown,nmacgownku@biblegateway.com,Female,75,true,true,821813.29,558071.94
752,Janine,Ruthen,jruthenkv@skype.com,Female,42,false,true,470424.47,268283.82
753,Debby,Folkerts,dfolkertskw@netvibes.com,Female,36,true,false,462769.68,1320885.08
754,Mead,Rubenov,mrubenovkx@ow.ly,Female,20,false,true,606417.88,3570258.0
755,Esmeralda,Blackster,eblacksterky@seattletimes.com,Female,28,false,true,622228.14,4664400.38
756,Scot,Laverick,slaverickkz@surveymonkey.com,Male,17,true,false,607904.89,4718425.0
757,Leta,Johannes,ljohannesl0@exblog.jp,Polygender,63,false,false,426407.44,1337042.58
758,Trace,Guyonnet,tguyonnetl1@eepurl.com,Male,67,false,false,779055.73,3601721.03
759,Vicki,Northcote,vnorthcotel2@hp.com,Female,15,false,true,209000.37,4405202.0
760,Mattheus,Cayser,mcayserl3@list-manage.com,Male,18,false,false,38428.12,4680785.74
761,Cynde,Toolin,ctoolinl4@aol.com,Female,17,false,true,303663.49,4791130.0
762,Caspar,Sillett,csillettl5@last.fm,Male,63,true,false,888865.58,2046485.5
763,Marj,D'eath,mdeathl6@clickbank.net,Female,31,true,false,861350.09,2309519.75
764,Sid,Hallford,shallfordl7@cornell.edu,Male,68,false,true,907068.66,2006944.01
765,Sarita,Cock,scockl8@shareasale.com,Female,71,true,true,699328.96,3835052.09
766,Morgun,Grime,mgrimel9@bloomberg.com,Male,15,true,false,708403.14,1685144.78
767,Elaine,Simister,esimisterla@tiny.cc,Female,94,true,true,967573.41,663834.0
768,Dalis,Masterson,dmastersonlb@cam.ac.uk,Male,89,false,true,809067.25,4585023.0
769,Charla,Corser,ccorserlc@netlog.com,Female,63,false,true,663013.92,1473316.01
770,Moina,Hamp,mhampld@ifeng.com,Female,59,true,false,786213.67,3542972.0
771,Felice,Crick,fcrickle@trellian.com,Female,58,false,false,628043.94,3886643.53
772,Jaquelyn,Clynmans,jclynmanslf@oaic.gov.au,Female,86,false,false,97649.47,197396.7
773,Erroll,Cohr,ecohrlg@vistaprint.com,Male,27,false,true,94486.51,2212391.08
774,Hillie,Agar,hagarlh@tinypic.com,Male,71,false,true,283152.06,4853277.64
775,Finley,Gouth,fgouthli@gmpg.org,Male,89,true,true,220540.96,4076645.13
776,Sara-ann,Conradie,sconradielj@cocolog-nifty.com,Female,48,false,true,540247.83,3045651.67
777,Kass,Bamborough,kbamboroughlk@csmonitor.com,Female,65,true,true,191683.32,1314148.91
778,Shelba,Bowld,sbowldll@nasa.gov,Female,15,false,true,950275.94,2776576.98
779,Lotta,Yorke,lyorkelm@spiegel.de,Female,72,false,true,451296.15,1590892.36
780,Wernher,Scowcraft,wscowcraftln@illinois.edu,Male,93,false,true,337855.3,1633761.32
781,Zaria,Pirdue,zpirduelo@google.pl,Polygender,99,true,true,863627.0,1065640.31
782,Amil,Roe,aroelp@tripod.com,Female,61,true,false,88854.59,2931048.0
783,Concordia,Croci,ccrocilq@webnode.com,Female,88,true,true,699785.58,3830883.06
784,Mathew,Lawden,mlawdenlr@zimbio.com,Male,91,true,true,127017.09,2395121.01
785,Viviana,Ainslee,vainsleels@craigslist.org,Female,27,true,false,774117.92,830413.03
786,Sabrina,Varne,svarnelt@epa.gov,Female,26,false,false,297512.61,3225385.0
787,Jacky,Gookes,jgookeslu@ucsd.edu,Male,53,false,true,450200.59,762722.82
788,Gustavo,Bichener,gbichenerlv@moonfruit.com,Male,99,false,false,78889.2,2666214.64
789,Conney,Weems,cweemslw@patch.com,Male,54,false,true,568204.86,53395.16
790,Cassondra,Elfes,celfeslx@reddit.com,Female,58,true,false,998975.36,4145512.0
791,Inna,Carver,icarverly@utexas.edu,Female,68,false,true,251370.24,2695057.14
792,Barnebas,Milborn,bmilbornlz@stanford.edu,Male,28,false,false,253799.16,173485.21
793,Cedric,Heine,cheinem0@ftc.gov,Male,30,false,true,55428.31,2606354.05
794,Bruis,Raylton,brayltonm1@oakley.com,Male,48,false,true,594854.38,2984332.06
795,Angel,Kuschke,akuschkem2@hostgator.com,Male,15,true,true,493024.49,1504154.35
796,Sammy,Pleass,spleassm3@4shared.com,Female,33,false,true,581179.27,837901.0
797,Jesselyn,Dows,jdowsm4@webs.com,Female,34,false,false,730129.86,545705.93
798,Hettie,Westney,hwestneym5@multiply.com,Female,78,true,false,396894.3,2309597.0
799,Rafaelia,Bess,rbessm6@amazon.com,Female,93,false,true,770381.39,2403079.09
800,Angie,Remer,aremerm7@trellian.com,Male,81,true,true,994290.11,2820163.71
801,Gamaliel,Saville,gsavillem8@woothemes.com,Male,73,false,false,945548.28,3167363.63
802,Barr,Penvarne,bpenvarnem9@berkeley.edu,Male,92,true,true,98907.56,2485784.51
803,Ginnie,La Rosa,glarosama@google.it,Female,50,false,true,805217.75,221746.75
804,Norrie,Manton,nmantonmb@spiegel.de,Female,62,false,true,739363.29,4453477.74
805,Winifield,Graveney,wgraveneymc@slideshare.net,Male,49,true,false,218546.43,3645330.65
806,Bordy,Pele,bpelemd@bbc.co.uk,Male,84,false,false,550219.67,3355102.6
807,Maximo,Rickets,mricketsme@shop-pro.jp,Genderqueer,95,true,true,429546.15,4324939.9
808,Arnoldo,Casebourne,acasebournemf@trellian.com,Male,49,false,true,504293.25,1365905.93
809,Sterne,Brake,sbrakemg@nsw.gov.au,Male,80,false,true,25074.27,2665346.48
810,Berget,Winfindale,bwinfindalemh@goo.ne.jp,Female,86,true,false,494248.76,2245454.01
811,Dyane,Gillyatt,dgillyattmi@archive.org,Female,35,false,true,54232.5,2661007.79
812,Krispin,Pickance,kpickancemj@sakura.ne.jp,Male,83,true,true,86154.1,627577.74
813,Karlik,Paylor,kpaylormk@gmpg.org,Male,72,false,true,193965.17,3643583.99
814,Marleah,Simants,msimantsml@statcounter.com,Female,22,true,false,537533.0,684798.85
815,Kaleb,Pol,kpolmm@noaa.gov,Male,26,true,false,498746.62,4742451.24
816,Emalia,Piddlehinton,epiddlehintonmn@arizona.edu,Genderfluid,56,false,false,682733.29,999913.07
817,Davis,Maddy,dmaddymo@pbs.org,Bigender,25,false,true,597885.0,2018084.04
818,Sherlock,Quig,squigmp@ning.com,Male,86,true,false,37716.02,3655810.89
819,Thebault,Petyankin,tpetyankinmq@go.com,Male,75,false,true,828811.36,1256690.82
820,Malory,Bick,mbickmr@slashdot.org,Female,36,false,true,511772.61,3841645.0
821,Granger,Allsep,gallsepms@macromedia.com,Male,35,false,true,256201.28,4923994.0
822,Deirdre,Trevino,dtrevinomt@yahoo.com,Female,78,true,true,867271.42,139172.12
823,Oralla,Laidler,olaidlermu@seesaa.net,Female,40,true,false,794453.13,819676.16
824,Ward,Mullarkey,wmullarkeymv@csmonitor.com,Male,65,true,true,931821.94,2264628.03
825,Graig,Aloshkin,galoshkinmw@wordpress.com,Male,33,true,true,896674.14,258927.15
826,Leonelle,Da Costa,ldacostamx@opensource.org,Female,17,true,true,741247.0,1553420.11
827,Eva,Dunton,eduntonmy@cam.ac.uk,Female,97,true,false,949646.38,505105.4
828,Dorice,Leftwich,dleftwichmz@statcounter.com,Female,52,false,false,48361.52,4028924.9
829,Jess,Mangion,jmangionn0@chronoengine.com,Male,63,true,true,56452.79,2267871.0
830,Claiborn,York,cyorkn1@deliciousdays.com,Male,63,true,true,155877.07,3602239.41
831,Allis,Tremaine,atremainen2@forbes.com,Female,53,true,false,378400.28,2167335.37
832,Arney,MacAnulty,amacanultyn3@amazon.co.uk,Male,53,false,false,546839.2,3697653.25
833,Teddie,Margetts,tmargettsn4@stumbleupon.com,Male,85,true,true,435018.61,3321118.16
834,Deck,Hought,dhoughtn5@businesswire.com,Male,95,true,false,163625.63,2544072.11
835,Charissa,Fumagall,cfumagalln6@hibu.com,Female,21,true,true,518502.58,1671952.5
836,Atalanta,McLenahan,amclenahann7@soundcloud.com,Female,29,true,true,776095.52,4978682.32
837,Georgetta,Schultz,gschultzn8@craigslist.org,Female,38,true,false,329935.67,2253537.21
838,Huberto,Yitshak,hyitshakn9@usnews.com,Male,22,true,false,516977.54,3052175.46
839,Gradeigh,Box,gboxna@mozilla.org,Male,80,false,true,193686.76,1730800.45
840,Ewan,Wickey,ewickeynb@sbwire.com,Male,77,true,true,454832.39,598459.69
841,Fredek,Staynes,fstaynesnc@liveinternet.ru,Male,78,true,true,620715.55,343097.09
842,Rosco,Beamiss,rbeamissnd@youtube.com,Male,51,true,false,254487.62,3230203.87
843,Rutger,McAllen,rmcallenne@flavors.me,Male,69,false,true,52071.51,3716280.64
844,Howie,Dedham,hdedhamnf@princeton.edu,Male,93,true,false,697952.53,2123916.0
845,Terrance,Eagling,teaglingng@nhs.uk,Male,92,false,true,622809.13,3976242.72
846,Hildegaard,Botler,hbotlernh@forbes.com,Female,51,false,true,612330.27,4331180.0
847,Evvy,MacLaren,emaclarenni@dagondesign.com,Female,27,false,false,431412.11,4303802.0
848,Chilton,Yesipov,cyesipovnj@google.com.hk,Male,52,false,false,870358.32,2523263.17
849,Ettie,Volonte,evolontenk@plala.or.jp,Female,90,false,false,828571.29,2262202.96
850,Estell,Longdon,elongdonnl@oaic.gov.au,Female,25,true,true,451837.2,1681400.42
851,Curry,Aliman,calimannm@telegraph.co.uk,Male,54,true,true,652268.38,3136920.0
852,Lynnell,Hussey,lhusseynn@nyu.edu,Bigender,71,false,false,591906.57,4310361.0
853,Merrel,Hailwood,mhailwoodno@macromedia.com,Male,92,false,false,824807.47,2134394.88
854,Mauricio,Doogue,mdooguenp@geocities.com,Male,88,true,false,566198.32,2660826.13
855,Dorice,Dacca,ddaccanq@howstuffworks.com,Female,63,true,true,425644.82,3045478.0
856,Hally,Camber,hcambernr@abc.net.au,Female,100,false,true,849442.11,4984157.0
857,Hortensia,Huyghe,hhuyghens@feedburner.com,Female,53,true,true,966615.04,4569030.0
858,Madlin,Stook,mstooknt@pinterest.com,Female,28,true,false,757036.9,4725365.0
859,Ronald,Layman,rlaymannu@ca.gov,Male,57,true,true,800890.45,3456314.78
860,Haskel,Gellately,hgellatelynv@marketwatch.com,Male,70,true,false,976113.17,4060873.51
861,Cary,Clemont,cclemontnw@webmd.com,Male,74,false,false,35633.06,1618201.66
862,Polly,Gittoes,pgittoesnx@google.co.jp,Female,54,true,true,767629.45,1482005.35
863,Belvia,Joao,bjoaony@about.me,Female,31,false,false,131656.64,1654679.0
864,Mario,Petrichat,mpetrichatnz@wiley.com,Male,44,true,false,674229.7,3820842.12
865,Koenraad,Maciocia,kmaciociao0@friendfeed.com,Male,77,true,true,63227.8,3520268.1
866,Corny,Patise,cpatiseo1@cafepress.com,Female,24,false,false,73666.65,3536026.48
867,Corena,Fritchly,cfritchlyo2@weather.com,Female,39,true,false,880503.05,708886.15
868,Ethyl,Piddock,epiddocko3@howstuffworks.com,Female,69,true,true,308105.93,3759382.03
869,Sarena,Matz,smatzo4@berkeley.edu,Female,47,false,false,390225.13,3654349.0
870,Astrix,Witherdon,awitherdono5@mail.ru,Female,43,false,false,304388.14,2751180.16
871,Tamiko,Bellelli,tbellellio6@marketwatch.com,Female,15,true,true,679434.63,696018.81
872,Bonnie,Polfer,bpolfero7@zdnet.com,Female,39,false,true,702881.89,3759054.85
873,Emmi,Talkington,etalkingtono8@cbc.ca,Female,92,false,true,33473.1,3999633.36
874,Rowen,Davey,rdaveyo9@topsy.com,Male,82,true,true,398582.16,486131.18
875,Marketa,Gibbons,mgibbonsoa@hexun.com,Female,83,false,false,892403.43,1751728.16
876,Odelle,Goult,ogoultob@opensource.org,Female,97,false,true,648024.01,3723862.84
877,Ase,Roswarn,aroswarnoc@typepad.com,Male,26,true,true,698133.36,1536737.38
878,Titos,Yakobowitz,tyakobowitzod@prlog.org,Male,26,false,false,629342.29,4226340.44
879,Alena,Pellissier,apellissieroe@weibo.com,Female,87,true,false,578580.45,2222456.69
880,Jannel,Ugoni,jugoniof@latimes.com,Female,21,true,false,989956.05,2035560.0
881,Sayre,Roskelly,sroskellyog@vkontakte.ru,Female,44,true,false,999875.22,446421.0
882,Esme,Blondin,eblondinoh@a8.net,Genderfluid,46,false,false,301483.13,1428740.55
883,Derrik,Kassel,dkasseloi@shop-pro.jp,Male,95,true,false,922366.61,3326964.07
884,Bernardina,Hellyar,bhellyaroj@arizona.edu,Agender,18,true,false,106100.02,3876263.39
885,Tobe,Aucutt,taucuttok@fda.gov,Female,50,true,false,606576.45,1919780.43
886,Maribel,Rippingale,mrippingaleol@europa.eu,Female,47,false,true,332425.71,1657533.51
887,Lazaro,Pellitt,lpellittom@wikimedia.org,Male,38,true,true,534560.22,841200.83
888,Ricoriki,Milam,rmilamon@accuweather.com,Male,72,true,true,888103.83,10919.59
889,Martynne,Cashley,mcashleyoo@hhs.gov,Genderqueer,84,true,false,64333.15,4812979.0
890,Mathe,McCay,mmccayop@princeton.edu,Male,74,false,false,410100.43,4063695.44
891,Meredith,Pallaske,mpallaskeoq@scientificamerican.com,Female,50,true,false,499482.84,4991633.0
892,Carleton,Gartenfeld,cgartenfeldor@europa.eu,Genderqueer,96,true,false,198185.85,658742.39
893,Finn,Porcas,fporcasos@webmd.com,Male,36,false,false,260290.71,3871019.03
894,Haywood,Alexandre,halexandreot@cnn.com,Male,51,false,true,471033.61,4850726.6
895,Kaiser,Kill,kkillou@dailymail.co.uk,Male,74,true,true,453221.1,2535270.94
896,Alford,Tedridge,atedridgeov@amazon.co.uk,Non-binary,54,false,true,391137.74,1968571.95
897,Derry,Batterton,dbattertonow@alexa.com,Male,93,false,true,200363.24,4501593.0
898,Thorsten,Bondy,tbondyox@tamu.edu,Male,27,false,false,678096.0,4780130.06
899,Lina,Bremeyer,lbremeyeroy@alibaba.com,Non-binary,47,false,true,830444.0,3354952.3
900,Tarah,Pestridge,tpestridgeoz@omniture.com,Female,61,false,false,149043.19,2627715.89
901,Florencia,Everly,feverlyp0@technorati.com,Female,96,true,true,281709.25,584090.0
902,Carey,Rubel,crubelp1@ovh.net,Female,67,true,true,924550.2,4054418.78
903,Zorana,De Zamudio,zdezamudiop2@hao123.com,Female,47,false,false,381443.78,4769753.0
904,Butch,Alberti,balbertip3@gnu.org,Male,36,true,false,325460.74,2823014.0
905,Jaimie,Kirrens,jkirrensp4@thetimes.co.uk,Female,18,true,false,672201.23,2295662.78
906,Vasili,Bondy,vbondyp5@fema.gov,Male,40,true,true,383914.19,3249771.0
907,Michelina,Champion,mchampionp6@360.cn,Female,20,false,true,655307.68,2761991.68
908,Marlon,Pritty,mprittyp7@biglobe.ne.jp,Polygender,93,true,false,948000.9,3565591.28
909,Barby,Ottosen,bottosenp8@bandcamp.com,Female,59,true,true,954255.67,3700885.0
910,Brnaba,Dellar,bdellarp9@prnewswire.com,Male,94,true,false,962182.52,842515.37
911,Ernst,Klaas,eklaaspa@histats.com,Male,20,true,false,86367.42,2882996.57
912,Miltie,Fairburne,mfairburnepb@cmu.edu,Bigender,40,false,true,52297.49,3753815.55
913,Geri,Jayme,gjaymepc@smh.com.au,Male,35,false,true,955894.74,1662027.73
914,Trixi,Caddock,tcaddockpd@dyndns.org,Female,19,true,false,944325.43,1348766.33
915,Kort,Deverell,kdeverellpe@last.fm,Male,62,false,true,685102.39,4487224.0
916,Roland,Phil,rphilpf@sitemeter.com,Male,96,true,true,438854.0,781705.82
917,Katy,Bus,kbuspg@fotki.com,Female,26,false,true,209682.97,3185496.0
918,Esmaria,Turfitt,eturfittph@webs.com,Female,70,false,false,633135.9,3693454.19
919,Clemmy,Redgate,credgatepi@slashdot.org,Male,66,false,true,93943.25,1002780.0
920,Aldous,Rust,arustpj@tinyurl.com,Male,45,false,true,123973.5,704177.0
921,Griffie,Monni,gmonnipk@kickstarter.com,Male,65,false,false,46076.17,1132803.54
922,Lanie,Summerhayes,lsummerhayespl@cbc.ca,Female,42,false,true,92959.16,3478009.66
923,Dell,Calladine,dcalladinepm@cornell.edu,Female,30,true,false,377517.71,4896281.0
924,Maighdiln,O'Scandall,moscandallpn@accuweather.com,Female,56,false,false,82217.17,1298818.0
925,Isiahi,Duffett,iduffettpo@uol.com.br,Male,47,false,false,656585.59,3392335.92
926,Noll,Iorns,niornspp@bloglovin.com,Male,82,true,false,822064.85,2220795.0
927,Virgie,Wrettum,vwrettumpq@nationalgeographic.com,Male,70,false,false,321759.68,370149.95
928,Mommy,Stables,mstablespr@flavors.me,Female,54,true,true,755212.61,3964664.91
929,Reyna,Westmerland,rwestmerlandps@nyu.edu,Polygender,65,true,true,416048.88,2655445.0
930,Son,Deeming,sdeemingpt@dell.com,Non-binary,17,false,false,622936.95,4421872.1
931,Pooh,Peacocke,ppeacockepu@taobao.com,Male,67,true,true,555634.03,82959.77
932,Roderic,Denty,rdentypv@ning.com,Male,76,true,true,547007.86,4220431.0
933,Sosanna,Warbey,swarbeypw@eepurl.com,Female,57,true,false,744034.8,3298469.0
934,Winona,Jellyman,wjellymanpx@dyndns.org,Bigender,89,false,true,215502.56,3543152.0
935,Bea,Seabrook,bseabrookpy@oracle.com,Female,24,false,false,444518.4,111348.52
936,Cindy,Spuffard,cspuffardpz@i2i.jp,Female,57,true,false,355827.16,3345582.73
937,Deanne,Haliburn,dhaliburnq0@fotki.com,Agender,25,false,false,124253.69,3682510.06
938,Jermayne,Gabbatt,jgabbattq1@weibo.com,Male,95,false,true,431959.49,4199898.2
939,Coop,Chinnick,cchinnickq2@microsoft.com,Male,68,false,true,14369.65,3272462.42
940,Pandora,Satterthwaite,psatterthwaiteq3@hatena.ne.jp,Female,56,false,false,698655.49,3331884.67
941,Arthur,Treadgear,atreadgearq4@cbsnews.com,Male,42,false,false,162203.07,356521.36
942,Lesley,Helwig,lhelwigq5@mac.com,Male,79,true,true,181954.12,4541579.0
943,Debby,Marven,dmarvenq6@bluehost.com,Female,49,false,false,686456.79,1836227.71
944,Bronnie,Sandeson,bsandesonq7@earthlink.net,Male,41,false,true,144127.96,830451.92
945,Misty,Gosdin,mgosdinq8@disqus.com,Female,71,true,false,674259.33,2294462.17
946,Kennith,Orhrt,korhrtq9@loc.gov,Male,92,false,false,182516.74,932494.11
947,Justina,Kier,jkierqa@marriott.com,Female,79,false,false,502926.76,882659.04
948,Rex,Serck,rserckqb@cisco.com,Male,85,true,false,276805.6,2987164.0
949,Sheffield,Kingscott,skingscottqc@cnn.com,Male,75,true,true,676130.88,1590477.05
950,Milly,Tabord,mtabordqd@quantcast.com,Female,27,false,true,309349.97,3740652.58
951,Janenna,Scawen,jscawenqe@mediafire.com,Genderfluid,53,true,false,213005.98,3536272.82
952,Alejandro,Shillaker,ashillakerqf@wunderground.com,Male,82,false,false,359195.15,4359606.53
953,Fergus,Addlestone,faddlestoneqg@phoca.cz,Male,67,false,true,445967.2,2577626.0
954,Elias,Yanele,eyaneleqh@go.com,Male,54,false,false,675943.16,3065456.32
955,Sigrid,Buttriss,sbuttrissqi@google.fr,Genderfluid,19,false,false,766667.24,4697649.0
956,Tommy,Trinkwon,ttrinkwonqj@miitbeian.gov.cn,Female,57,false,true,83396.31,261235.08
957,Dilly,Feldmesser,dfeldmesserqk@gizmodo.com,Male,36,true,true,312822.46,1934166.4
958,Natalina,Cassey,ncasseyql@nydailynews.com,Female,65,true,true,510603.69,64043.2
959,Gabbie,Sneden,gsnedenqm@seesaa.net,Male,88,true,true,401276.43,4378914.0
960,Delano,Ritzman,dritzmanqn@meetup.com,Agender,19,true,true,791749.59,3656362.82
961,Delaney,De Caville,ddecavilleqo@rediff.com,Male,18,false,true,177293.23,3606552.34
962,Gayleen,Bleibaum,gbleibaumqp@cdc.gov,Female,30,true,true,812288.19,2780430.54
963,Marianna,Synke,msynkeqq@trellian.com,Female,15,true,false,973636.27,2011068.45
964,Richard,Hanhard,rhanhardqr@paypal.com,Male,57,false,false,850635.62,1886354.56
965,Dilly,Gabbatt,dgabbattqs@apple.com,Male,97,false,true,370010.64,3885019.38
966,Arabel,Chanson,achansonqt@usda.gov,Female,51,false,true,502847.62,1177444.72
967,Stanley,Parratt,sparrattqu@cafepress.com,Male,97,true,false,630610.0,4437249.9
968,Toddie,Linstead,tlinsteadqv@nps.gov,Male,14,false,false,447582.03,417978.03
969,Kerwinn,Shilleto,kshilletoqw@t.co,Male,30,false,true,167155.5,3500374.62
970,Glenn,Bolstridge,gbolstridgeqx@ebay.com,Male,45,false,true,856226.65,3803948.11
971,Boyd,Oliphard,boliphardqy@histats.com,Male,56,false,true,500283.19,3194340.0
972,Bernete,Rigg,briggqz@huffingtonpost.com,Female,18,true,true,515869.06,2029610.94
973,Vivianna,Eller,vellerr0@free.fr,Female,50,true,true,95626.88,1670212.81
974,Claiborn,Crosbie,ccrosbier1@slideshare.net,Genderfluid,34,false,true,21038.73,3806563.12
975,Shea,Manoch,smanochr2@surveymonkey.com,Male,46,true,false,266817.85,4866731.54
976,Liv,Rosevear,lrosevearr3@w3.org,Female,36,false,false,429964.4,694671.33
977,Robinett,Calam,rcalamr4@addthis.com,Female,98,false,true,819502.92,3235200.0
978,Heath,Antonik,hantonikr5@people.com.cn,Female,58,true,false,423135.68,2235046.21
979,Zachariah,Spooner,zspoonerr6@hp.com,Male,78,false,false,356639.02,2607511.0
980,Ellette,Oman,eomanr7@geocities.com,Female,26,true,true,618943.0,3842316.81
981,Renelle,Weems,rweemsr8@arstechnica.com,Female,96,false,true,341673.34,4616865.67
982,Hilarius,Lissenden,hlissendenr9@github.com,Male,58,false,true,913343.62,630648.36
983,Guglielma,Wrighton,gwrightonra@live.com,Female,43,false,true,684696.71,298120.86
984,Lindsey,Mourant,lmourantrb@sfgate.com,Female,55,false,true,544620.08,4744793.0
985,Timothee,Clitherow,tclitherowrc@multiply.com,Male,17,false,false,946081.1,2578225.21
986,Stace,Worgan,sworganrd@wordpress.org,Non-binary,45,false,false,59938.06,3602185.13
987,Dietrich,Pannaman,dpannamanre@mayoclinic.com,Male,17,false,true,943515.77,2407276.0
988,Jannel,Wightman,jwightmanrf@cafepress.com,Genderfluid,52,false,false,167272.76,2460290.16
989,Cordelia,Josephoff,cjosephoffrg@fda.gov,Female,48,false,false,540506.77,241438.16
990,Lauren,Burdge,lburdgerh@arstechnica.com,Female,46,true,false,606929.78,1742846.73
991,Jeromy,Harring,jharringri@ycombinator.com,Male,19,false,true,296657.41,4026413.33
992,Glennis,Cristofvao,gcristofvaorj@usda.gov,Female,97,true,true,415744.55,1128564.95
993,Peirce,Legerton,plegertonrk@bloglovin.com,Male,47,true,false,503319.7,2385499.0
994,Marlane,Holbury,mholburyrl@ucoz.com,Female,53,true,false,11207.85,2726873.22
995,Sancho,Blenkharn,sblenkharnrm@homestead.com,Male,61,true,true,880999.92,3818538.0
996,Fredric,Mailey,fmaileyrn@nature.com,Male,75,false,false,449219.8,595018.09
997,Vitoria,Wisdom,vwisdomro@comsenz.com,Female,48,false,false,753886.43,323347.38
998,Brenn,Willars,bwillarsrp@acquirethisname.com,Female,93,true,true,246682.03,1600465.09
999,Halley,Eymer,heymerrq@ovh.net,Female,29,false,true,847256.96,3011654.25
1000,Arlie,Melvin,amelvinrr@paypal.com,Female,66,true,false,506087.33,4344292.6
